url,error
https://boxrec.com/en/box-pro/272077)140,exception
https://boxrec.com/en/box-pro/814937,HTTP 520
https://boxrec.com/en/box-pro/581287,exception
https://boxrec.com/en/box-pro/139283,HTTP 520
https://boxrec.com/en/box-pro/56272,HTTP 520
https://boxrec.com/en/box-pro/1281,HTTP 520
https://boxrec.com/en/box-pro/395153,exception
https://boxrec.com/en/box-pro/370277,HTTP 520
https://boxrec.com/en/box-pro/12376,HTTP 520
https://boxrec.com/en/box-pro/6231,exception
https://boxrec.com/en/box-pro/879201,exception
https://boxrec.com/en/box-pro/1177624,HTTP 520
https://boxrec.com/en/box-pro/1028557,HTTP 520
https://boxrec.com/en/box-pro/174416,exception
https://boxrec.com/en/box-pro/52894,HTTP 520
https://boxrec.com/en/box-pro/101940,HTTP 520
https://boxrec.com/en/box-pro/796275,exception
https://boxrec.com/en/box-pro/1117874,exception
https://boxrec.com/en/box-pro/786389,exception
https://boxrec.com/en/box-pro/636531,HTTP 520
https://boxrec.com/en/box-pro/420654,exception
https://boxrec.com/en/box-pro/727039,exception
https://boxrec.com/en/box-pro/1149366,exception
https://boxrec.com/en/box-pro/4763,exception
https://boxrec.com/en/box-pro/3248,HTTP 520
https://boxrec.com/en/box-pro/545699,exception
https://boxrec.com/en/box-pro/32493,exception
https://boxrec.com/en/box-pro/846282,exception
https://boxrec.com/en/box-pro/1153317,exception
https://boxrec.com/en/box-pro/259486,exception
https://boxrec.com/en/box-pro/666067,HTTP 520
https://boxrec.com/en/box-pro/26079,exception
https://boxrec.com/en/box-pro/12678,HTTP 520
https://boxrec.com/en/box-pro/601224,HTTP 520
https://boxrec.com/en/box-pro/822182,exception
https://boxrec.com/en/box-pro/1047427,exception
https://boxrec.com/en/box-pro/43084,exception
https://boxrec.com/en/box-pro/1044572,exception
https://boxrec.com/en/box-pro/1092272,HTTP 520
https://boxrec.com/en/box-pro/866213,HTTP 520
https://boxrec.com/en/box-pro/462743,exception
https://boxrec.com/en/box-pro/887713,HTTP 520
https://boxrec.com/en/box-pro/1118324,exception
https://boxrec.com/en/box-pro/636442,exception
https://boxrec.com/en/box-pro/767555,exception
https://boxrec.com/en/box-pro/317310,exception
https://boxrec.com/en/box-pro/813743,exception
https://boxrec.com/en/box-pro/1247399,exception
https://boxrec.com/en/box-pro/364645,HTTP 520
https://boxrec.com/en/box-pro/652739,exception
https://boxrec.com/en/box-pro/751277,exception
https://boxrec.com/en/box-pro/1169089,exception
https://boxrec.com/en/box-pro/25136,exception
https://boxrec.com/en/box-pro/5447,exception
https://boxrec.com/en/box-pro/232652,exception
https://boxrec.com/en/box-pro/715742,exception
https://boxrec.com/en/box-pro/739747,HTTP 520
https://boxrec.com/en/box-pro/000402,exception
https://boxrec.com/en/box-pro/718919,HTTP 520
https://boxrec.com/en/box-pro/19673,exception
https://boxrec.com/en/box-pro/233813,exception
https://boxrec.com/en/box-pro/645052,exception
https://boxrec.com/en/box-pro/10517,exception
https://boxrec.com/en/box-pro/900260,exception
https://boxrec.com/en/box-pro/28745,exception
https://boxrec.com/en/box-pro/1262095,HTTP 520
https://boxrec.com/en/box-pro/167,exception
https://boxrec.com/en/box-pro/205219,exception
https://boxrec.com/en/box-pro/773039,exception
https://boxrec.com/en/box-pro/768225,exception
https://boxrec.com/en/box-pro/12440,HTTP 520
https://boxrec.com/en/box-pro/1297812,exception
https://boxrec.com/en/box-pro/879975,exception
https://boxrec.com/en/box-pro/225139,exception
https://boxrec.com/en/box-pro/10540,exception
https://boxrec.com/en/box-pro/1034555,exception
https://boxrec.com/en/box-pro/358969,exception
https://boxrec.com/en/box-pro/776613,exception
https://boxrec.com/en/box-pro/1102638,exception
https://boxrec.com/en/box-pro/630192,exception
https://boxrec.com/en/box-pro/249260,exception
https://boxrec.com/en/box-pro/009437,exception
https://boxrec.com/en/box-pro/479858,exception
https://boxrec.com/en/box-pro/718558,exception
https://boxrec.com/en/box-pro/973223,exception
https://boxrec.com/en/box-pro/64291,exception
https://boxrec.com/en/box-pro/884700,exception
https://boxrec.com/en/box-pro/1083175,exception
https://boxrec.com/en/box-pro/614875,exception
https://boxrec.com/en/box-pro/740019,exception
https://boxrec.com/en/box-pro/006941,exception
https://boxrec.com/en/box-pro/190658,exception
https://boxrec.com/en/box-pro/772187,exception
https://boxrec.com/en/box-pro/855570,exception
https://boxrec.com/en/box-pro/794657,exception
https://boxrec.com/en/box-pro/864387,exception
https://boxrec.com/en/box-pro/776594,exception
https://boxrec.com/en/box-pro/491284,exception
https://boxrec.com/en/box-pro/843670,exception
https://boxrec.com/en/box-pro/889923,exception
https://boxrec.com/en/box-pro/725267,exception
https://boxrec.com/en/box-pro/886855,exception
https://boxrec.com/en/box-pro/796328,exception
https://boxrec.com/en/box-pro/1202694,exception
https://boxrec.com/en/box-pro/717382,exception
https://boxrec.com/en/box-pro/681961,exception
https://boxrec.com/en/box-pro/50536,HTTP 520
https://boxrec.com/en/box-pro/106160,exception
https://boxrec.com/en/box-pro/1145,exception
https://boxrec.com/en/box-pro/354024,exception
https://boxrec.com/en/box-pro/113362,exception
https://boxrec.com/en/box-pro/100237,exception
https://boxrec.com/en/box-pro/1183811,exception
https://boxrec.com/en/box-pro/842108,exception
https://boxrec.com/en/box-pro/55688,exception
https://boxrec.com/en/box-pro/87738,HTTP 520
https://boxrec.com/en/box-pro/553650,exception
https://boxrec.com/en/box-pro/16593,exception
https://boxrec.com/en/box-pro/86650,exception
https://boxrec.com/en/box-pro/70495,exception
https://boxrec.com/en/box-pro/7879,exception
https://boxrec.com/en/box-pro/794790,exception
https://boxrec.com/en/box-pro/645114,exception
https://boxrec.com/en/box-pro/719365,exception
https://boxrec.com/en/box-pro/789726,exception
https://boxrec.com/en/box-pro/690235,exception
https://boxrec.com/en/box-pro/527045,exception
https://boxrec.com/en/box-pro/811747,exception
https://boxrec.com/en/box-pro/859139,exception
https://boxrec.com/en/box-pro/693360,exception
https://boxrec.com/en/box-pro/1038430,exception
https://boxrec.com/en/box-pro/269642,exception
https://boxrec.com/en/box-pro/852647,exception
https://boxrec.com/en/box-pro/10471,exception
https://boxrec.com/en/box-pro/767327,exception
https://boxrec.com/en/box-pro/788793,exception
https://boxrec.com/en/box-pro/863376,exception
https://boxrec.com/en/box-pro/158351,exception
https://boxrec.com/en/box-pro/3119,exception
https://boxrec.com/en/box-pro/605546,exception
https://boxrec.com/en/box-pro/719742,exception
https://boxrec.com/en/box-pro/955,exception
https://boxrec.com/en/box-pro/1116620,exception
https://boxrec.com/en/box-pro/1314480,exception
https://boxrec.com/en/box-pro/1025222,exception
https://boxrec.com/en/box-pro/56303,exception
https://boxrec.com/en/box-pro/692551,exception
https://boxrec.com/en/box-pro/2026,exception
https://boxrec.com/en/box-pro/1071869,exception
https://boxrec.com/en/box-pro/551749,exception
https://boxrec.com/en/box-pro/16634,exception
https://boxrec.com/en/box-pro/838236,exception
https://boxrec.com/en/box-pro/589827,exception
https://boxrec.com/en/box-pro/756704,exception
https://boxrec.com/en/box-pro/1076206,exception
https://boxrec.com/en/box-pro/744056,exception
https://boxrec.com/en/box-pro/2525,exception
https://boxrec.com/en/box-pro/194302,exception
https://boxrec.com/en/box-pro/209433,exception
https://boxrec.com/en/box-pro/327253,exception
https://boxrec.com/en/box-pro/396458,exception
https://boxrec.com/en/box-pro/164156,exception
https://boxrec.com/en/box-pro/18796,exception
https://boxrec.com/en/box-pro/722516,exception
https://boxrec.com/en/box-pro/4737,exception
https://boxrec.com/en/box-pro/95158,exception
https://boxrec.com/en/box-pro/798101,exception
https://boxrec.com/en/box-pro/321041,exception
https://boxrec.com/en/box-pro/784749,exception
https://boxrec.com/en/box-pro/19646,exception
https://boxrec.com/en/box-pro/884864,exception
https://boxrec.com/en/box-pro/834487,exception
https://boxrec.com/en/box-pro/1000592,exception
https://boxrec.com/en/box-pro/627708,exception
https://boxrec.com/en/box-pro/380471,exception
https://boxrec.com/en/box-pro/576302,exception
https://boxrec.com/en/box-pro/86959,exception
https://boxrec.com/en/box-pro/1199704,exception
https://boxrec.com/en/box-pro/750384,exception
https://boxrec.com/en/box-pro/348135,exception
https://boxrec.com/en/box-pro/914979,exception
https://boxrec.com/en/box-pro/843739,exception
https://boxrec.com/en/box-pro/461463,exception
https://boxrec.com/en/box-pro/19282,exception
https://boxrec.com/en/box-pro/746801,exception
https://boxrec.com/en/box-pro/562290,exception
https://boxrec.com/en/box-pro/532932,exception
https://boxrec.com/en/box-pro/752454,exception
https://boxrec.com/en/box-pro/35302,exception
https://boxrec.com/en/box-pro/16462,exception
https://boxrec.com/en/box-pro/1094043,exception
https://boxrec.com/en/box-pro/115605,exception
https://boxrec.com/en/box-pro/342810,exception
https://boxrec.com/en/box-pro/1182099,exception
https://boxrec.com/en/box-pro/6726,exception
https://boxrec.com/en/box-pro/826707,exception
https://boxrec.com/en/box-pro/218577,exception
https://boxrec.com/en/box-pro/673483,exception
https://boxrec.com/en/box-pro/622176,exception
https://boxrec.com/en/box-pro/849877,exception
https://boxrec.com/en/box-pro/26129,exception
https://boxrec.com/en/box-pro/623622,exception
https://boxrec.com/en/box-pro/788316,exception
https://boxrec.com/en/box-pro/139044,exception
https://boxrec.com/en/box-pro/5018,exception
https://boxrec.com/en/box-pro/273081,exception
https://boxrec.com/en/box-pro/1074186,exception
https://boxrec.com/en/box-pro/926961,exception
https://boxrec.com/en/box-pro/1215608,exception
https://boxrec.com/en/box-pro/690844,exception
https://boxrec.com/en/box-pro/588522,exception
https://boxrec.com/en/box-pro/351841,exception
https://boxrec.com/en/box-pro/9304,exception
https://boxrec.com/en/box-pro/7930,exception
https://boxrec.com/en/box-pro/23151,exception
https://boxrec.com/en/box-pro/347645,exception
https://boxrec.com/en/box-pro/550820,exception
https://boxrec.com/en/box-pro/19040,exception
https://boxrec.com/en/box-pro/595890,exception
https://boxrec.com/en/box-pro/534798,exception
https://boxrec.com/en/box-pro/391173,exception
https://boxrec.com/en/box-pro/371327,exception
https://boxrec.com/en/box-pro/310264,exception
https://boxrec.com/en/box-pro/350704,exception
https://boxrec.com/en/box-pro/45153,exception
https://boxrec.com/en/box-pro/1295820,exception
https://boxrec.com/en/box-pro/40214,exception
https://boxrec.com/en/box-pro/187,exception
https://boxrec.com/en/box-pro/018206,exception
https://boxrec.com/en/box-pro/46006,exception
https://boxrec.com/en/box-pro/8684,exception
https://boxrec.com/en/box-pro/889807,exception
https://boxrec.com/en/box-pro/168,exception
https://boxrec.com/en/box-pro/763523,exception
https://boxrec.com/en/box-pro/51239,exception
https://boxrec.com/en/box-pro/438460,exception
https://boxrec.com/en/box-pro/765419,exception
https://boxrec.com/en/box-pro/800767,exception
https://boxrec.com/en/box-pro/1045731,exception
https://boxrec.com/en/box-pro/843610,exception
https://boxrec.com/en/box-pro/340586,exception
https://boxrec.com/en/box-pro/51111,exception
https://boxrec.com/en/box-pro/1627,exception
https://boxrec.com/en/box-pro/607782,exception
https://boxrec.com/en/box-pro/469253,exception
https://boxrec.com/en/box-pro/553470,exception
https://boxrec.com/en/box-pro/4130,exception
https://boxrec.com/en/box-pro/770532,exception
https://boxrec.com/en/box-pro/52678,exception
https://boxrec.com/en/box-pro/107382,exception
https://boxrec.com/en/box-pro/482923,exception
https://boxrec.com/en/box-pro/566505,exception
https://boxrec.com/en/box-pro/1025171,exception
https://boxrec.com/en/box-pro/613846,exception
https://boxrec.com/en/box-pro/20906,exception
https://boxrec.com/en/box-pro/545459,exception
https://boxrec.com/en/box-pro/93633,exception
https://boxrec.com/en/box-pro/26978,exception
https://boxrec.com/en/box-pro/702,exception
https://boxrec.com/en/box-pro/313,HTTP 520
https://boxrec.com/en/box-pro/350528,exception
https://boxrec.com/en/box-pro/1286523,exception
https://boxrec.com/en/box-pro/15424,exception
https://boxrec.com/en/box-pro/47207,exception
https://boxrec.com/en/box-pro/598866,exception
https://boxrec.com/en/box-pro/418701,exception
https://boxrec.com/en/box-pro/795460,exception
https://boxrec.com/en/box-pro/306962,exception
https://boxrec.com/en/box-pro/712162,exception
https://boxrec.com/en/box-pro/308301,exception
https://boxrec.com/en/box-pro/107269,exception
https://boxrec.com/en/box-pro/1084384,exception
https://boxrec.com/en/box-pro/13374,exception
https://boxrec.com/en/box-pro/53839,exception
https://boxrec.com/en/box-pro/39320,exception
https://boxrec.com/en/box-pro/26692,exception
https://boxrec.com/en/box-pro/292406,exception
https://boxrec.com/en/box-pro/9503,exception
https://boxrec.com/en/box-pro/4761,exception
https://boxrec.com/en/box-pro/1224178,exception
https://boxrec.com/en/box-pro/1118941,exception
https://boxrec.com/en/box-pro/249447,exception
https://boxrec.com/en/box-pro/1125803,exception
https://boxrec.com/en/box-pro/174415,exception
https://boxrec.com/en/box-pro/847452,exception
https://boxrec.com/en/box-pro/311622,exception
https://boxrec.com/en/box-pro/6160,exception
https://boxrec.com/en/box-pro/843554,exception
https://boxrec.com/en/box-pro/1086842,exception
https://boxrec.com/en/box-pro/863418,exception
https://boxrec.com/en/box-pro/861425,exception
https://boxrec.com/en/box-pro/19885,exception
https://boxrec.com/en/box-pro/1534,exception
https://boxrec.com/en/box-pro/503,exception
https://boxrec.com/en/box-pro/1043325,exception
https://boxrec.com/en/box-pro/1267058,exception
https://boxrec.com/en/box-pro/561307,exception
https://boxrec.com/en/box-pro/621235,exception
https://boxrec.com/en/box-pro/2524,exception
https://boxrec.com/en/box-pro/170544,exception
https://boxrec.com/en/box-pro/19190,exception
https://boxrec.com/en/box-pro/5998,exception
https://boxrec.com/en/box-pro/32690,exception
https://boxrec.com/en/box-pro/28788,exception
https://boxrec.com/en/box-pro/1074555,exception
https://boxrec.com/en/box-pro/009314,HTTP 520
https://boxrec.com/en/box-pro/713899,exception
https://boxrec.com/en/box-pro/8996,exception
https://boxrec.com/en/box-pro/873459,exception
https://boxrec.com/en/box-pro/9391,exception
https://boxrec.com/en/box-pro/718508Junto,exception
https://boxrec.com/en/box-pro/787430,exception
https://boxrec.com/en/box-pro/709082,exception
https://boxrec.com/en/box-pro/600529,exception
https://boxrec.com/en/box-pro/389352,exception
https://boxrec.com/en/box-pro/272078,exception
https://boxrec.com/en/box-pro/71163,exception
https://boxrec.com/en/box-pro/000565,exception
https://boxrec.com/en/box-pro/445347,exception
https://boxrec.com/en/box-pro/1324851,exception
https://boxrec.com/en/box-pro/353125,exception
https://boxrec.com/en/box-pro/1124635,exception
https://boxrec.com/en/box-pro/658009,exception
https://boxrec.com/en/box-pro/458369,HTTP 520
https://boxrec.com/en/box-pro/354033,exception
https://boxrec.com/en/box-pro/223811,exception
https://boxrec.com/en/box-pro/13786,exception
https://boxrec.com/en/box-pro/006887,exception
https://boxrec.com/en/box-pro/349590,exception
https://boxrec.com/en/box-pro/14690,exception
https://boxrec.com/en/box-pro/438987,exception
https://boxrec.com/en/box-pro/358047,exception
https://boxrec.com/en/box-pro/16642,exception
https://boxrec.com/en/box-pro/44132,exception
https://boxrec.com/en/box-pro/720418,exception
https://boxrec.com/en/box-pro/255014,exception
https://boxrec.com/en/box-pro/641639,exception
https://boxrec.com/en/box-pro/650213,exception
https://boxrec.com/en/box-pro/3600,exception
https://boxrec.com/en/box-pro/1134766,exception
https://boxrec.com/en/box-pro/587224,exception
https://boxrec.com/en/box-pro/466,exception
https://boxrec.com/en/box-pro/49405,exception
https://boxrec.com/en/box-pro/119980,exception
https://boxrec.com/en/box-pro/829312,exception
https://boxrec.com/en/box-pro/339217,exception
https://boxrec.com/en/box-pro/3102,exception
https://boxrec.com/en/box-pro/837926,exception
https://boxrec.com/en/box-pro/685630,exception
https://boxrec.com/en/box-pro/727826,exception
https://boxrec.com/en/box-pro/1046717,exception
https://boxrec.com/en/box-pro/531000,exception
https://boxrec.com/en/box-pro/171565,exception
https://boxrec.com/en/box-pro/868063,exception
https://boxrec.com/en/box-pro/651087,exception
https://boxrec.com/en/box-pro/648863,exception
https://boxrec.com/en/box-pro/57289,exception
https://boxrec.com/en/box-pro/22761,exception
https://boxrec.com/en/box-pro/151891,exception
https://boxrec.com/en/box-pro/595785,exception
https://boxrec.com/en/box-pro/23747,exception
https://boxrec.com/en/box-pro/538841,exception
https://boxrec.com/en/box-pro/609076,exception
https://boxrec.com/en/box-pro/570403,HTTP 520
https://boxrec.com/en/box-pro/800520,exception
https://boxrec.com/en/box-pro/703488,exception
https://boxrec.com/en/box-pro/357842,exception
https://boxrec.com/en/box-pro/1293032,exception
https://boxrec.com/en/box-pro/112406,exception
https://boxrec.com/en/box-pro/5589,exception
https://boxrec.com/en/box-pro/761871,exception
https://boxrec.com/en/box-pro/779057,exception
https://boxrec.com/en/box-pro/330482,exception
https://boxrec.com/en/box-pro/36945,exception
https://boxrec.com/en/box-pro/747447,exception
https://boxrec.com/en/box-pro/8600,exception
https://boxrec.com/en/box-pro/425490,exception
https://boxrec.com/en/box-pro/1236586,exception
https://boxrec.com/en/box-pro/21740,exception
https://boxrec.com/en/box-pro/625066,exception
https://boxrec.com/en/box-pro/900269,exception
https://boxrec.com/en/box-pro/637734,exception
https://boxrec.com/en/box-pro/29673,exception
https://boxrec.com/en/box-pro/200696,exception
https://boxrec.com/en/box-pro/251363,exception
https://boxrec.com/en/box-pro/1108643,exception
https://boxrec.com/en/box-pro/860435,exception
https://boxrec.com/en/box-pro/586,exception
https://boxrec.com/en/box-pro/1140314,exception
https://boxrec.com/en/box-pro/531573,exception
https://boxrec.com/en/box-pro/79344,exception
https://boxrec.com/en/box-pro/009016,exception
https://boxrec.com/en/box-pro/40183,exception
https://boxrec.com/en/box-pro/250030,exception
https://boxrec.com/en/box-pro/15527,exception
https://boxrec.com/en/box-pro/9093,exception
https://boxrec.com/en/box-pro/3810,exception
https://boxrec.com/en/box-pro/741177,HTTP 520
https://boxrec.com/en/box-pro/16239,exception
https://boxrec.com/en/box-pro/979385,exception
https://boxrec.com/en/box-pro/281958,exception
https://boxrec.com/en/box-pro/861592,exception
https://boxrec.com/en/box-pro/77383,HTTP 520
https://boxrec.com/en/box-pro/64852,exception
https://boxrec.com/en/box-pro/1116153,exception
https://boxrec.com/en/box-pro/580026,exception
https://boxrec.com/en/box-pro/844234,exception
https://boxrec.com/en/box-pro/2186,exception
https://boxrec.com/en/box-pro/1261607,exception
https://boxrec.com/en/box-pro/93086,exception
https://boxrec.com/en/box-pro/15842,exception
https://boxrec.com/en/box-pro/34020,exception
https://boxrec.com/en/box-pro/517027,exception
https://boxrec.com/en/box-pro/79667,exception
https://boxrec.com/en/box-pro/15815,exception
https://boxrec.com/en/box-pro/283135,exception
https://boxrec.com/en/box-pro/474610,exception
https://boxrec.com/en/box-pro/583519,exception
https://boxrec.com/en/box-pro/349169,exception
https://boxrec.com/en/box-pro/333373,exception
https://boxrec.com/en/box-pro/483786,exception
https://boxrec.com/en/box-pro/784850,exception
https://boxrec.com/en/box-pro/9524,exception
https://boxrec.com/en/box-pro/18837,exception
https://boxrec.com/en/box-pro/26820,exception
https://boxrec.com/en/box-pro/685573,exception
https://boxrec.com/en/box-pro/769523,exception
https://boxrec.com/en/box-pro/747308,exception
https://boxrec.com/en/box-pro/369571,exception
https://boxrec.com/en/box-pro/768670,exception
https://boxrec.com/en/box-pro/725866,HTTP 520
https://boxrec.com/en/box-pro/793454,exception
https://boxrec.com/en/box-pro/014043,exception
https://boxrec.com/en/box-pro/567061,exception
https://boxrec.com/en/box-pro/26925,exception
https://boxrec.com/en/box-pro/1184150,exception
https://boxrec.com/en/box-pro/571049,exception
https://boxrec.com/en/box-pro/849885,exception
https://boxrec.com/en/box-pro/366406,exception
https://boxrec.com/en/box-pro/747923,exception
https://boxrec.com/en/box-pro/634695,exception
https://boxrec.com/en/box-pro/494042,exception
https://boxrec.com/en/box-pro/018309,exception
https://boxrec.com/en/box-pro/679206,exception
https://boxrec.com/en/box-pro/900225,exception
https://boxrec.com/en/box-pro/352%22,exception
https://boxrec.com/en/box-pro/767592,exception
https://boxrec.com/en/box-pro/31599,exception
https://boxrec.com/en/box-pro/106921,exception
https://boxrec.com/en/box-pro/15479,exception
https://boxrec.com/en/box-pro/1203128,exception
https://boxrec.com/en/box-pro/14839,exception
https://boxrec.com/en/box-pro/6605,HTTP 520
https://boxrec.com/en/box-pro/534438,exception
https://boxrec.com/en/box-pro/43720,exception
https://boxrec.com/en/box-pro/783029,exception
https://boxrec.com/en/box-pro/499685,HTTP 520
https://boxrec.com/en/box-pro/125797,exception
https://boxrec.com/en/box-pro/71169,exception
https://boxrec.com/en/box-pro/20280,exception
https://boxrec.com/en/box-pro/23156,exception
https://boxrec.com/en/box-pro/825946,HTTP 520
https://boxrec.com/en/box-pro/803419,exception
https://boxrec.com/en/box-pro/193792,exception
https://boxrec.com/en/box-pro/1023518,exception
https://boxrec.com/en/box-pro/38235,exception
https://boxrec.com/en/box-pro/679764,exception
https://boxrec.com/en/box-pro/748834,exception
https://boxrec.com/en/box-pro/6598,exception
https://boxrec.com/en/box-pro/1096782,exception
