name,url,boxrec_id,slug,db_matched
Jake Paul,https://boxrec.com/en/box-pro/912383,912383,jake-paul,yes
Gervonta Davis,https://boxrec.com/en/box-pro/643387,643387,gervonta-davis,yes
Ryan Garcia,https://boxrec.com/en/box-pro/765995,765995,ryan-garcia,yes
Mike Tyson,https://boxrec.com/en/box-pro/474,474,mike-tyson,yes
Dmitrii Bivol,https://boxrec.com/en/box-pro/703924,703924,dmitry-bivol,yes
Saul Alvarez,https://boxrec.com/en/box-pro/348759,348759,canelo-alvarez,yes
Naoya Inoue,https://boxrec.com/en/box-pro/628407,628407,naoya-inoue,yes
Jaron Ennis,https://boxrec.com/en/box-pro/756515,756515,jaron-ennis,yes
Terence Crawford,https://boxrec.com/en/box-pro/447121,447121,terence-crawford,yes
David Benavidez,https://boxrec.com/en/box-pro/672259,672259,david-benavidez,yes
Isaac Cruz,https://boxrec.com/en/box-pro/714366,714366,isaac-cruz,yes
Amanda Serrano,https://boxrec.com/en/box-pro/488530,488530,amanda-serrano,yes
Tommy Fury,https://boxrec.com/en/box-pro/854141,854141,tommy-fury,yes
Artur Beterbiev,https://boxrec.com/en/box-pro/646981,646981,artur-beterbiev,yes
Jaime Munguia,https://boxrec.com/en/box-pro/659924,659924,jaime-munguia,yes
Lamont Roach,https://boxrec.com/en/box-pro/683920,683920,lamont-roach-jr,yes
Muhammad Ali,https://boxrec.com/en/box-pro/000180,000180,,no
Frank Martin,https://boxrec.com/fr/box-pro/814937,814937,frank-martin,yes
Rolando Romero,https://boxrec.com/en/box-pro/781366,781366,rolando-romero,yes
Israil Madrimov,https://boxrec.com/en/box-pro/851173,851173,israil-madrimov,yes
William Scull,https://boxrec.com/en/box-pro/779719,779719,,no
Deontay Wilder,https://boxrec.com/en/box-pro/468841,468841,deontay-wilder,yes
Keyshawn Davis,https://boxrec.com/de/box-pro/861063,861063,keyshawn-davis,yes
Tyson Fury,https://boxrec.com/en/box-pro/479205,479205,tyson-fury,yes
Shakur Stevenson,https://boxrec.com/en/box-pro/790719,790719,shakur-stevenson,yes
Floyd Mayweather Jr,https://boxrec.com/en/box-pro/352,352,floyd-mayweather-jr,yes
Teofimo Lopez,https://boxrec.com/en/box-pro/776269,776269,teofimo-lopez,yes
Regis Prograis,https://boxrec.com/en/box-pro/611370,611370,regis-prograis,yes
Vasyl Lomachenko,https://boxrec.com/en/box-pro/659771,659771,vasyl-lomachenko,yes
Ben Whittaker,https://boxrec.com/en/box-pro/851665,851665,ben-whittaker,yes
Andy Ruiz,https://boxrec.com/en/box-pro/489762,489762,andy-ruiz-jr,yes
Emiliano Vargas,https://boxrec.com/es/box-pro/1055950,1055950,emiliano-vargas,yes
Manny Pacquiao,https://boxrec.com/en/box-pro/6129,6129,manny-pacquiao,yes
Oleksandr Usyk,https://boxrec.com/en/box-pro/659772,659772,oleksandr-usyk,yes
David Morrell,https://boxrec.com/en/box-pro/852450,852450,david-morrell-jr,yes
Caleb Plant,https://boxrec.com/en/box-pro/684493,684493,caleb-plant,yes
Terrel Williams,https://boxrec.com/en/box-pro/471653,471653,terrel-williams,yes
Daniel Dubois,https://boxrec.com/en/box-pro/787430,787430,daniel-dubois,yes
Jesse Rodriguez,https://boxrec.com/en/box-pro/791293,791293,jesse-rodriguez,yes
Ebanie Bridges,https://boxrec.com/en/box-pro/864345,864345,ebanie-bridges,yes
Vergil Ortiz Jr,https://boxrec.com/en/box-pro/766727,766727,vergil-ortiz-jr,yes
Jermell Charlo,https://boxrec.com/en/box-pro/433135,433135,jermell-charlo,yes
Errol Spence Jr,https://boxrec.com/en/box-pro/629465,629465,errol-spence-jr,yes
Jermall Charlo,https://boxrec.com/en/box-pro/471634,471634,jermall-charlo,yes
Brandon Figueroa,https://boxrec.com/en/box-pro/718399,718399,brandon-figueroa,yes
Edgar Berlanga,https://boxrec.com/ru/box-pro/760625,760625,edgar-berlanga-jr,yes
Luis Alcaraz Pineda,https://boxrec.com/fr/box-pro/797597,797597,luis-alcaraz-pineda,yes
Danny Garcia,https://boxrec.com/en/box-pro/429442,429442,danny-garcia,yes
Yordenis Ugas,https://boxrec.com/en/box-pro/541777,541777,yordenis-ugas,yes
Devin Haney,https://boxrec.com/en/box-pro/741718,741718,devin-haney,yes
Zhilei Zhang,https://boxrec.com/en/box-pro/692149,692149,zhang-zhilei,yes
Claressa Shields,https://boxrec.com/en/box-pro/777865,777865,claressa-shields,yes
Cherneka Johnson,https://boxrec.com/en/box-pro/745360,745360,cherneka-johnson,yes
Subriel Matias,https://boxrec.com/en/box-pro/749669,749669,subriel-matias,yes
Diego Pacheco,https://boxrec.com/en/box-pro/865105,865105,diego-gonzalo-luque,yes
Oscar Valdez,https://boxrec.com/en/box-pro/629933,629933,oscar-valdez_0,yes
Martin Bakole,https://boxrec.com/en/box-pro/681602,681602,martin-bakole,yes
Chris Eubank Jr,https://boxrec.com/en/box-pro/588468,588468,chris-eubank-jr,yes
Julio Cesar Chavez,https://boxrec.com/en/box-pro/8119,8119,julio-cesar-chavez,yes
Gennadiy Golovkin,https://boxrec.com/en/box-pro/356831,356831,gennady-golovkin,yes
Roy Jones Jr,https://boxrec.com/en/box-pro/774820,774820,roy-jones-jr,yes
Skye Nicolson,https://boxrec.com/en/box-pro/886826,886826,skye-nicolson,yes
Mario Barrios,https://boxrec.com/en/box-pro/665878,665878,mario-barrios,yes
Floyd Schofield,https://boxrec.com/en/box-pro/936958,936958,floyd-schofield,yes
Anthony Joshua,https://boxrec.com/en/box-pro/659461,659461,anthony-joshua,yes
Prichard Colon,https://boxrec.com/en/box-pro/642596,642596,prichard-colon,yes
George Foreman,https://boxrec.com/en/box-pro/90,90,george-foreman,yes
Demetrius Andrade,https://boxrec.com/en/box-pro/468433,468433,demetrius-andrade,yes
Mauricio Lara,https://boxrec.com/en/box-pro/783107,783107,mauricio-lara,yes
William Zepeda Segura,https://boxrec.com/en/box-pro/744388,744388,william-zepeda,yes
Katie Taylor,https://boxrec.com/en/box-pro/778185,778185,katie-taylor,yes
Rashidi Ellis,https://boxrec.com/de/box-pro/658226,658226,rashidi-ellis,yes
Andre August,https://boxrec.com/fr/box-pro/651075,651075,,no
Brian Norman Jr,https://boxrec.com/en/box-pro/824560,824560,,no
Joseph Parker,https://boxrec.com/en/box-pro/613846,613846,joseph-parker,yes
George Kambosos Jr,https://boxrec.com/en/box-pro/646781,646781,george-kambosos-jr,yes
Julio Cesar Chavez Jr,https://boxrec.com/en/box-pro/214371,214371,julio-cesar-chavez-jr,yes
Callum Smith,https://boxrec.com/en/box-pro/631178,631178,callum-smith,yes
Arnold Barboza Jr,https://boxrec.com/en/box-pro/655301,655301,arnold-barboza-jr,yes
Jared Anderson,https://boxrec.com/fr/box-pro/861332,861332,jared-anderson,yes
Logan Paul,https://boxrec.com/en/box-pro/896698,896698,logan-paul,yes
Steve Harvey,https://boxrec.com/fr/box-pro/5068,5068,steve-harvey,yes
Bernard Hopkins,https://boxrec.com/en/box-pro/1414,1414,bernard-hopkins,yes
Jose Carlos Ramirez,https://boxrec.com/en/box-pro/632104,632104,jose-carlos-ramirez,yes
Emanuel Navarrete,https://boxrec.com/en/box-pro/602423,602423,emanuel-navarrete,yes
Sebastian Fundora,https://boxrec.com/en/box-pro/773847,773847,sebastian-fundora,yes
Lennox Lewis,https://boxrec.com/en/box-pro/1853,1853,lennox-lewis,yes
Dillian Whyte,https://boxrec.com/en/box-pro/569964,569964,dillian-whyte,yes
Neeraj Goyat,https://boxrec.com/en/box-pro/588733,588733,neeraj-goyat,yes
Joe Joyce,https://boxrec.com/en/box-pro/811429,811429,joe-joyce,yes
Hector Luis Garcia,https://boxrec.com/en/box-pro/783383,783383,hector-luis-garcia,yes
Miguel Cotto,https://boxrec.com/en/box-pro/33535,33535,miguel-cotto,yes
Nico Ali Walsh,https://boxrec.com/en/box-pro/923208,923208,nico-ali-walsh,yes
Jarrell Miller,https://boxrec.com/en/box-pro/498837,498837,jarrell-miller,yes
Abel Ramos,https://boxrec.com/en/box-pro/579465,579465,abel-ramos,yes
Adrien Broner,https://boxrec.com/en/box-pro/455859,455859,adrien-broner,yes
Ryan Bourland,https://boxrec.com/en/box-pro/665966,665966,,no
Xander Zayas,https://boxrec.com/fr/box-pro/872417,872417,xander-zayas,yes
Chris Eubank,https://boxrec.com/en/box-pro/804,804,chris-eubank,yes
Oscar Duarte Jurado,https://boxrec.com/en/box-pro/671857,671857,oscar-duarte-jurado,yes
Roberto Duran,https://boxrec.com/en/box-pro/80,80,roberto-duran,yes
Brandun Lee,https://boxrec.com/en/box-pro/784150,784150,brandun-lee,yes
Alexis Rocha,https://boxrec.com/en/box-pro/746813,746813,alexis-rocha_0,yes
James Toney,https://boxrec.com/en/box-pro/1437,1437,james-toney_0,yes
Chantelle Cameron,https://boxrec.com/en/box-pro/799973,799973,chantelle-cameron,yes
Lisa Holewyne,https://boxrec.com/en/box-pro/18796,18796,lisa-holewyne,yes
Ashton Sylve,https://boxrec.com/de/box-pro/969457,969457,ashton-sylve,yes
Jose Benavidez Jr,https://boxrec.com/en/box-pro/525227,525227,jose-benavidez-jr,yes
Jose Valenzuela,https://boxrec.com/de/box-pro/847406,847406,jose-valenzuela,yes
Luis Nery,https://boxrec.com/en/box-pro/611983,611983,luis-nery,yes
Erickson Lubin,https://boxrec.com/en/box-pro/670934,670934,erickson-lubin,yes
Richardson Hitchins,https://boxrec.com/en/box-pro/787807,787807,richardson-hitchins,yes
Stephen Fulton,https://boxrec.com/en/box-pro/700183,700183,stephen-fulton-jr,yes
Richard Torrez Jr,https://boxrec.com/en/box-pro/861066,861066,richard-torrez-jr,yes
Bektemir Melikuziev,https://boxrec.com/en/box-pro/851162,851162,bektemir-melikuziev,yes
Miguel Berchelt,https://boxrec.com/en/box-pro/553222,553222,miguel-berchelt,yes
Robert Helenius,https://boxrec.com/en/box-pro/451505,451505,robert-helenius,yes
Ramon Cardenas,https://boxrec.com/en/box-pro/726502,726502,ramon-cardenas,yes
Andre Ward,https://boxrec.com/en/box-pro/281958,281958,,no
Gary Antuanne Russell,https://boxrec.com/en/box-pro/789597,789597,gary-antuanne-russell,yes
Eric Esch,https://boxrec.com/en/box-pro/14536,14536,eric-esch,yes
Gabriel Rosado,https://boxrec.com/en/box-pro/344539,344539,gabriel-rosado,yes
Tony Bellew,https://boxrec.com/en/box-pro/425328,425328,tony-bellew,yes
Christian Mbilli,https://boxrec.com/en/box-pro/785657,785657,christian-mbilli,yes
John Fury,https://boxrec.com/en/box-pro/27680,27680,john-fury,yes
Joe Smith Jr,https://boxrec.com/en/box-pro/513839,513839,joe-smith-jr,yes
Paul Bamba,https://boxrec.com/cn/box-pro/987926,987926,paul-bamba,yes
Artem Harutyunyan,https://boxrec.com/en/box-pro/816198,816198,,no
Billy Joe Saunders,https://boxrec.com/en/box-pro/482499,482499,billy-joe-saunders,yes
Junto Nakatani,https://boxrec.com/en/box-pro/718508,718508,junto-nakatani,yes
Abraham Nova,https://boxrec.com/en/box-pro/757058,757058,abraham-nova,yes
Shawn Porter,https://boxrec.com/en/box-pro/472133,472133,shawn-porter,yes
Gilberto Ramirez,https://boxrec.com/en/box-pro/509666,509666,gilberto-ramirez,yes
Kali Reis,https://boxrec.com/en/box-pro/466374,466374,kali-reis,yes
Gary Allen Russell Jr,https://boxrec.com/en/box-pro/479775,479775,gary-russell-jr,yes
Anthony Dirrell,https://boxrec.com/en/box-pro/291908,291908,anthony-dirrell,yes
Shane Mosley,https://boxrec.com/en/box-pro/4952,4952,shane-mosley,yes
Misael Rodriguez Olivas,https://boxrec.com/en/box-pro/791795,791795,misael-rodriguez-olivas,yes
Nate Robinson,https://boxrec.com/en/box-pro/947668,947668,nate-robinson,yes
Seniesa Estrada,https://boxrec.com/en/box-pro/567517,567517,seniesa-estrada,yes
Conor Benn,https://boxrec.com/cn/box-pro/750377,750377,conor-benn,yes
Denys Berinchyk,https://boxrec.com/en/box-pro/727039,727039,denys-berinchyk,yes
Karen Chukhadzhian,https://boxrec.com/en/box-pro/718379,718379,karen-chukhadzhian,yes
Nonito Donaire,https://boxrec.com/en/box-pro/48243,48243,nonito-donaire,yes
Evander Holyfield,https://boxrec.com/en/box-pro/499,499,evander-holyfield,yes
Joe Frazier,https://boxrec.com/en/box-pro/000147,000147,,no
Jai Opetaia,https://boxrec.com/en/box-pro/719823,719823,jai-opetaia,yes
Keith Thurman,https://boxrec.com/en/box-pro/426053,426053,keith-thurman,yes
Viddal Riley,https://boxrec.com/en/box-pro/862236,862236,viddal-riley,yes
O'Shaquie Foster,https://boxrec.com/en/box-pro/626343,626343,oshaquie-foster,yes
Luis Alberto Lopez,https://boxrec.com/en/box-pro/741197,741197,luis-alberto-lopez,yes
Eduardo Nunez,https://boxrec.com/en/box-pro/733152,733152,,no
Eimantas Stanionis,https://boxrec.com/en/box-pro/791796,791796,eimantas-stanionis,yes
Amir Khan,https://boxrec.com/en/box-pro/314558,314558,amir-khan,yes
Bruno Surace,https://boxrec.com/cn/box-pro/776553,776553,bruno-surace,yes
Steven Nelson,https://boxrec.com/en/box-pro/745618,745618,steven-nelson,yes
Moses Itauma,https://boxrec.com/en/box-pro/1039567,1039567,,no
Erislandy Lara,https://boxrec.com/en/box-pro/457231,457231,erislandy-lara,yes
Israel Vazquez,https://boxrec.com/en/box-pro/009086,009086,,no
Joe Cordina,https://boxrec.com/en/box-pro/794105,794105,joe-cordina,yes
Victor Ortiz,https://boxrec.com/en/box-pro/257314,257314,victor-ortiz,yes
Jamaine Ortiz,https://boxrec.com/en/box-pro/755909,755909,jamaine-ortiz,yes
John Gotti III,https://boxrec.com/ru/box-pro/1111513,1111513,john-gotti-iii,yes
Edwin De Los Santos,https://boxrec.com/de/box-pro/854612,854612,edwin-de-los-santos,yes
Zhanibek Alimkhanuly,https://boxrec.com/en/box-pro/774417,774417,zhanibek-alimkhanuly,yes
Bruce Carrington,https://boxrec.com/en/box-pro/851120,851120,bruce-carrington,yes
Michael Conlan,https://boxrec.com/en/box-pro/777151,777151,michael-conlan,yes
Sunny Edwards,https://boxrec.com/en/box-pro/775118,775118,sunny-edwards,yes
Trevor McCumby,https://boxrec.com/en/box-pro/550236,550236,trevor-mccumby,yes
Liam Paro,https://boxrec.com/en/box-pro/749212,749212,liam-paro,yes
Marc Castro,https://boxrec.com/en/box-pro/861529,861529,marc-castro,yes
Jorge Paez,https://boxrec.com/en/box-pro/468,468,jorge-paez,yes
Hector Garcia,https://boxrec.com/en/box-pro/752478,752478,hector-garcia_0,yes
Erik Bazinyan,https://boxrec.com/en/box-pro/663953,663953,erik-bazinyan,yes
Julio Gomez,https://boxrec.com/en/box-pro/865484,865484,julio-gomez_0,yes
Brian Carlos Castano,https://boxrec.com/en/box-pro/625137,625137,brian-castano,yes
Lucas Bahdi,https://boxrec.com/en/box-pro/862481,862481,,no
Joey Dawejko,https://boxrec.com/en/box-pro/512687,512687,joey-dawejko,yes
Bakhram Murtazaliev,https://boxrec.com/en/box-pro/689777,689777,bakhram-murtazaliev,yes
David Avanesyan,https://boxrec.com/en/box-pro/499476,499476,david-avanesyan,yes
Giovani Santillan,https://boxrec.com/en/box-pro/612589,612589,giovani-santillan,yes
Brock Jarvis,https://boxrec.com/en/box-pro/746323,746323,brock-jarvis,yes
Keon Davis,https://boxrec.com/de/box-pro/904886,904886,,no
Chris Arreola,https://boxrec.com/en/box-pro/212248,212248,chris-arreola,yes
Tenshin Nasukawa,https://boxrec.com/en/box-pro/853210,853210,tenshin-nasukawa,yes
Andre Berto,https://boxrec.com/en/box-pro/283680,283680,andre-berto,yes
Rey Vargas,https://boxrec.com/en/box-pro/542148,542148,rey-vargas,yes
Montana Love,https://boxrec.com/en/box-pro/717953,717953,montana-love,yes
Pedro Campa,https://boxrec.com/en/box-pro/578516,578516,pedro-campa,yes
Leo Santa Cruz,https://boxrec.com/en/box-pro/374624,374624,leo-santa-cruz,yes
Sergey Kovalev,https://boxrec.com/en/box-pro/505927,505927,sergey-kovalev,yes
Curmel Moton,https://boxrec.com/ru/box-pro/1066345,1066345,,no
Tevin Farmer,https://boxrec.com/en/box-pro/562946,562946,tevin-farmer,yes
Chase Demoor,https://boxrec.com/ru/box-pro/1121210,1121210,chase-demoor,yes
Jamel Herring,https://boxrec.com/en/box-pro/634455,634455,jamel-herring,yes
Amado Vargas,https://boxrec.com/de/box-pro/865372,865372,amado-vargas,yes
Anthony Yarde,https://boxrec.com/en/box-pro/716443,716443,anthony-yarde,yes
Ismael Barroso,https://boxrec.com/en/box-pro/326019,326019,ismael-barroso,yes
Abdullah Mason,https://boxrec.com/en/box-pro/1039246,1039246,abdullah-mason,yes
Roman Gonzalez,https://boxrec.com/en/box-pro/319725,319725,roman-gonzalez,yes
Derek Hinkey,https://boxrec.com/en/box-pro/384998,384998,,no
Joet Gonzalez,https://boxrec.com/en/box-pro/619127,619127,joet-gonzalez,yes
Luis Arias,https://boxrec.com/en/box-pro/632077,632077,luis-arias,yes
Sandy Ryan,https://boxrec.com/de/box-pro/886821,886821,sandy-ryan,yes
Tim Tszyu,https://boxrec.com/de/box-pro/783149,783149,tim-tszyu,yes
Shadasia Green,https://boxrec.com/en/box-pro/866213,866213,,no
James Douglas,https://boxrec.com/en/box-pro/584,584,buster-douglas,yes
Mitch Green,https://boxrec.com/en/box-pro/3171,3171,mitch-green,yes
David Lemieux,https://boxrec.com/en/box-pro/389447,389447,david-lemieux,yes
Sean Garcia,https://boxrec.com/fr/box-pro/825248,825248,sean-garcia,yes
Olajide William Olatunji,https://boxrec.com/en/box-pro/896699,896699,olajide-william-olatunji,yes
Elijah Garcia,https://boxrec.com/en/box-pro/927452,927452,elijah-garcia,yes
Serhii Bohachuk,https://boxrec.com/en/box-pro/788164,788164,serhii-bohachuk,yes
Francis Ngannou,https://boxrec.com/en/box-pro/1170712,1170712,,no
Muhammad Ali,https://boxrec.com/en/box-pro/180,180,muhammad-ali,yes
Raymond Muratalla,https://boxrec.com/en/box-pro/775203,775203,,no
Andy Cruz,https://boxrec.com/en/box-pro/850276,850276,,no
Joseph Pedroza Diaz Jr,https://boxrec.com/en/box-pro/634717,634717,joseph-diaz,yes
Marco Antonio Barrera,https://boxrec.com/en/box-pro/8010,8010,marco-antonio-barrera,yes
Jesus Alejandro Ramos Jr,https://boxrec.com/en/box-pro/838652,838652,jesus-alejandro-ramos,yes
Tony Harrison,https://boxrec.com/en/box-pro/574588,574588,tony-harrison,yes
Curtis Harper,https://boxrec.com/en/box-pro/528952,528952,curtis-harper,yes
Naseem Hamed,https://boxrec.com/en/box-pro/4462,4462,naseem-hamed,yes
Felix Trinidad,https://boxrec.com/en/box-pro/3254,3254,felix-trinidad,yes
Blair Cobbs,https://boxrec.com/fr/box-pro/659411,659411,blair-cobbs,yes
Roman Fury,https://boxrec.com/fr/box-pro/1106234,1106234,roman-fury,yes
Eric Crumble,https://boxrec.com/en/box-pro/5316,5316,eric-crumble,yes
Liam Smith,https://boxrec.com/en/box-pro/466535,466535,liam-smith,yes
Alberto Puello,https://boxrec.com/en/box-pro/713680,713680,alberto-puello,yes
Alan Picasso Romero,https://boxrec.com/en/box-pro/793753,793753,alan-picasso-romero,yes
Jorge Linares,https://boxrec.com/en/box-pro/157610,157610,jorge-linares,yes
John Ryder,https://boxrec.com/en/box-pro/545557,545557,john-ryder,yes
Charles Conwell,https://boxrec.com/en/box-pro/791994,791994,charles-conwell,yes
Marlon Tapales,https://boxrec.com/en/box-pro/482863,482863,marlon-tapales,yes
Jose Zepeda,https://boxrec.com/en/box-pro/523667,523667,jose-zepeda,yes
Timothy Bradley Jr,https://boxrec.com/en/box-pro/268173,268173,timothy-bradley,yes
Malik Scott,https://boxrec.com/en/box-pro/35680,35680,malik-scott,yes
Oscar De La Hoya,https://boxrec.com/de/box-pro/8253,8253,oscar-de-la-hoya,yes
Michel Rivera,https://boxrec.com/en/box-pro/752024,752024,michel-rivera,yes
Juan Francisco Estrada,https://boxrec.com/en/box-pro/467843,467843,juan-francisco-estrada,yes
Efe Ajagba,https://boxrec.com/en/box-pro/804221,804221,efe-ajagba,yes
Ray Robinson,https://boxrec.com/en/box-pro/9625,9625,sugar-ray-robinson,yes
Ray Leonard,https://boxrec.com/en/box-pro/000269,000269,,no
Jose Armando Resendiz,https://boxrec.com/fr/box-pro/827946,827946,jose-armando-resendiz,yes
Lester Martinez,https://boxrec.com/en/box-pro/858028,858028,,no
Angel Fierro,https://boxrec.com/en/box-pro/739512,739512,angel-fierro,yes
Badou Jack,https://boxrec.com/en/box-pro/497268,497268,badou-jack,yes
Juan Manuel Marquez,https://boxrec.com/en/box-pro/12222,12222,juan-manuel-marquez,yes
Iyana Verduzco,https://boxrec.com/en/box-pro/870905,870905,,no
Bill Haney,https://boxrec.com/en/box-pro/859729,859729,bill-haney,yes
Giovanni Cabrera,https://boxrec.com/en/box-pro/756050,756050,,no
Erik Morales,https://boxrec.com/en/box-pro/5065,5065,erik-morales,yes
Larry Holmes,https://boxrec.com/en/box-pro/150,150,larry-holmes,yes
Yuriorkis Gamboa,https://boxrec.com/en/box-pro/391770,391770,yuriorkis-gamboa,yes
Anthony Taylor,https://boxrec.com/en/box-pro/801086,801086,anthony-taylor,yes
Shannon Briggs,https://boxrec.com/en/box-pro/4629,4629,shannon-briggs,yes
Dujuan Johnson,https://boxrec.com/en/box-pro/12987,12987,,no
Callum Walsh,https://boxrec.com/en/box-pro/981388,981388,callum-walsh,yes
Sandor Martin,https://boxrec.com/en/box-pro/578364,578364,sandor-martin,yes
Kostya Tszyu,https://boxrec.com/en/box-pro/004388,004388,,no
Otto Wallin,https://boxrec.com/en/box-pro/651121,651121,otto-wallin,yes
Elwin Soto,https://boxrec.com/en/box-pro/778096,778096,elwin-soto,yes
Shane Mosley Jr,https://boxrec.com/en/box-pro/682169,682169,shane-mosley-jr,yes
Jarrett Hurd,https://boxrec.com/en/box-pro/625960,625960,jarrett-hurd,yes
Lawrence Okolie,https://boxrec.com/en/box-pro/789060,789060,lawrence-okolie,yes
Omar Chavez,https://boxrec.com/en/box-pro/359993,359993,omar-chavez,yes
Raul Curiel,https://boxrec.com/en/box-pro/789385,789385,,no
Thomas Hearns,https://boxrec.com/en/box-pro/303,303,thomas-hearns,yes
Austin Williams,https://boxrec.com/en/box-pro/861505,861505,austin-williams,yes
Mikey Garcia,https://boxrec.com/en/box-pro/364679,364679,mikey-garcia,yes
Derek Chisora,https://boxrec.com/en/box-pro/381739,381739,derek-chisora,yes
Dustin Nichols,https://boxrec.com/en/box-pro/396124,396124,dustin-nichols,yes
Rafael Espinoza,https://boxrec.com/en/box-pro/668600,668600,,no
Chordale Booker,https://boxrec.com/en/box-pro/748808,748808,,no
Yamileth Mercado,https://boxrec.com/en/box-pro/695318,695318,yamileth-mercado,yes
Nurideen Shabazz,https://boxrec.com/en/box-pro/1122872,1122872,,no
Ricky Hatton,https://boxrec.com/en/box-pro/009314,009314,,no
Jalil Hackett,https://boxrec.com/es/box-pro/1016127,1016127,jalil-major-hackett,yes
Malik Zinad,https://boxrec.com/en/box-pro/737291,737291,,no
Ricardo Lopez,https://boxrec.com/en/box-pro/521,521,ricardo-lopez,yes
Nikolai Valuev,https://boxrec.com/en/box-pro/19904,19904,nikolai-valuev,yes
Sergiy Derevyanchenko,https://boxrec.com/en/box-pro/691996,691996,sergiy-derevyanchenko,yes
Mikaela Mayer,https://boxrec.com/en/box-pro/803614,803614,mikaela-mayer,yes
Robson Conceicao,https://boxrec.com/en/box-pro/772975,772975,robson-conceicao,yes
Chris Colbert,https://boxrec.com/en/box-pro/720233,720233,chris-colbert,yes
Amari Jones,https://boxrec.com/en/box-pro/873678,873678,amari-jones,yes
Marcos Maidana,https://boxrec.com/en/box-pro/257790,257790,marcos-maidana,yes
Jack Catterall,https://boxrec.com/en/box-pro/623843,623843,jack-catterall,yes
Josue Vargas,https://boxrec.com/en/box-pro/737807,737807,josue-vargas,yes
Kubrat Pulev,https://boxrec.com/en/box-pro/511850,511850,kubrat-pulev,yes
Fernando Vargas,https://boxrec.com/fr/box-pro/900242,900242,fernando-vargas_0,yes
Ye Joon Kim,https://boxrec.com/en/box-pro/606181,606181,,no
Jorge Kahwagi,https://boxrec.com/en/box-pro/74895,74895,jorge-kahwagi,yes
Danielle Perkins,https://boxrec.com/en/box-pro/886668,886668,danielle-perkins,yes
John Riel Casimero,https://boxrec.com/en/box-pro/421916,421916,john-riel-casimero,yes
Joshua Buatsi,https://boxrec.com/en/box-pro/801693,801693,joshua-buatsi,yes
Donovan Ruddock,https://boxrec.com/en/box-pro/1869,1869,donovan-ruddock,yes
Guillermo Rigondeaux,https://boxrec.com/en/box-pro/492989,492989,guillermo-rigondeaux,yes
Emanuel Augustus,https://boxrec.com/en/box-pro/6887,6887,emanuel-augustus,yes
Nick Ball,https://boxrec.com/ru/box-pro/801849,801849,nick-ball,yes
Jessica McCaskill,https://boxrec.com/en/box-pro/727411,727411,jessica-mccaskill,yes
Gabriela Fundora,https://boxrec.com/en/box-pro/908739,908739,gabriela-fundora,yes
Gustavo Daniel Lemos,https://boxrec.com/en/box-pro/757295,757295,gustavo-daniel-lemos,yes
Liam Cameron,https://boxrec.com/en/box-pro/506068,506068,liam-cameron,yes
Ivan Redkach,https://boxrec.com/en/box-pro/517769,517769,ivan-redkach,yes
Paul Malignaggi,https://boxrec.com/en/box-pro/52984,52984,paulie-malignaggi,yes
Rocky Marciano,https://boxrec.com/en/box-pro/9032,9032,rocky-marciano,yes
Ray Leonard,https://boxrec.com/en/box-pro/269,269,sugar-ray-leonard,yes
Laila Ali,https://boxrec.com/en/box-pro/014260,014260,,no
Jose Pedraza,https://boxrec.com/en/box-pro/559909,559909,jose-pedraza,yes
Frida Wallberg,https://boxrec.com/en/box-pro/237041,237041,frida-wallberg,yes
Daniel Jacobs,https://boxrec.com/en/box-pro/432984,432984,daniel-jacobs,yes
Kevin McBride,https://boxrec.com/en/box-pro/7386,7386,kevin-mcbride,yes
Idris Virgo,https://boxrec.com/en/box-pro/822058,822058,idris-virgo,yes
Josh Warrington,https://boxrec.com/en/box-pro/512777,512777,josh-warrington,yes
Anderson Silva,https://boxrec.com/en/box-pro/152826,152826,anderson-silva,yes
Patrick Day,https://boxrec.com/en/box-pro/638768,638768,patrick-day,yes
Marvin Hagler,https://boxrec.com/en/box-pro/8684,8684,marvelous-marvin-hagler,yes
Jin Sasaki,https://boxrec.com/fr/box-pro/847229,847229,,no
Roy Jones,https://boxrec.com/en/box-pro/17113,17113,roy-jones,yes
Steve Cunningham,https://boxrec.com/en/box-pro/36642,36642,steve-cunningham,yes
Jeremia Nakathila,https://boxrec.com/en/box-pro/674303,674303,jeremia-nakathila,yes
Carlos Adames,https://boxrec.com/en/box-pro/723287,723287,carlos-adames,yes
Thomas LaManna,https://boxrec.com/en/box-pro/560657,560657,thomas-lamanna,yes
Mark Magsayo,https://boxrec.com/de/box-pro/653034,653034,mark-magsayo,yes
Luis Ortiz,https://boxrec.com/en/box-pro/528949,528949,luis-ortiz,yes
Kyrone Davis,https://boxrec.com/en/box-pro/675886,675886,kyrone-davis,yes
Oleksandr Gvozdyk,https://boxrec.com/en/box-pro/679709,679709,oleksandr-gvozdyk,yes
Tiara Brown,https://boxrec.com/en/box-pro/775470,775470,tiara-brown,yes
Andy Hiraoka,https://boxrec.com/en/box-pro/672119,672119,,no
Mylik Birdsong,https://boxrec.com/en/box-pro/810596,810596,,no
Floyd Mayweather,https://boxrec.com/en/box-pro/15480,15480,floyd-mayweather-sr,yes
John Ramirez,https://boxrec.com/en/box-pro/981417,981417,john-ramirez_0,yes
Aadam Hamed,https://boxrec.com/en/box-pro/1167253,1167253,,no
Kell Brook,https://boxrec.com/en/box-pro/272717.Kell+Brook+v+SenchenkoThe,272717,kell-brook,yes
Danny Williams,https://boxrec.com/en/box-pro/6522,6522,danny-williams,yes
Emanuel Williams,https://boxrec.com/en/box-pro/857724,857724,ammo-williams,yes
Trey Lippe,https://boxrec.com/en/box-pro/678288,678288,trey-lippe,yes
Earnie Shavers,https://boxrec.com/en/box-pro/320,320,earnie-shavers,yes
Bermane Stiverne,https://boxrec.com/en/box-pro/324806,324806,bermane-stiverne,yes
Ricardo Nunez,https://boxrec.com/en/box-pro/551680,551680,,no
Lorenzo Simpson,https://boxrec.com/ru/box-pro/857429,857429,lorenzo-simpson,yes
Gabriel Flores Jr,https://boxrec.com/en/box-pro/795448,795448,gabriel-flores-jr,yes
Marcus Browne,https://boxrec.com/en/box-pro/629463,629463,marcus-browne,yes
Tyrrell Anthony Herndon,https://boxrec.com/en/box-pro/738273,738273,,no
Maciej Sulecki,https://boxrec.com/en/box-pro/539640,539640,maciej-sulecki,yes
Gerald McClellan,https://boxrec.com/en/box-pro/4252,4252,gerald-mcclellan,yes
Leon Spinks,https://boxrec.com/en/box-pro/262,262,leon-spinks,yes
Nate Diaz,https://boxrec.com/en/box-pro/1147579,1147579,,no
Duke Ragan,https://boxrec.com/en/box-pro/854243,854243,duke-ragan,yes
Josh Padley,https://boxrec.com/en/box-pro/871755,871755,,no
Vladimir Shishkin,https://boxrec.com/en/box-pro/767596,767596,vladimir-shishkin,yes
TJ Doheny,https://boxrec.com/en/box-pro/611407,611407,tj-doheny,yes
Holly Holm,https://boxrec.com/en/box-pro/117628,117628,holly-holm,yes
Marsellos Wilder,https://boxrec.com/en/box-pro/835616,835616,marsellos-wilder,yes
Alycia Baumgardner,https://boxrec.com/en/box-pro/789958,789958,alycia-baumgardner,yes
Rocky Lockridge,https://boxrec.com/en/box-pro/1311,1311,rick-lockridge,yes
Austin Trout,https://boxrec.com/en/box-pro/328611,328611,austin-trout,yes
D'Mitrius Ballard,https://boxrec.com/en/box-pro/640497,640497,dmitrius-ballard,yes
Eric Priest,https://boxrec.com/de/box-pro/861377,861377,eric-priest,yes
Trevor Berbick,https://boxrec.com/en/box-pro/247,247,trevor-berbick,yes
Antonio Vargas,https://boxrec.com/en/box-pro/785689,785689,antonio-vargas,yes
Josh Kelly,https://boxrec.com/en/box-pro/788492,788492,josh-kelly,yes
Miguel Madueno,https://boxrec.com/en/box-pro/795163,795163,,no
Sonny Liston,https://boxrec.com/en/box-pro/9031,9031,sonny-liston,yes
Conor McGregor,https://boxrec.com/en/box-pro/802658,802658,conor-mcgregor,yes
Steve Claggett,https://boxrec.com/en/box-pro/469170,469170,steve-claggett,yes
Frank Sanchez,https://boxrec.com/en/box-pro/814335,814335,frank-sanchez_0,yes
Tommy Morrison,https://boxrec.com/en/box-pro/1465,1465,tommy-morrison,yes
David Tua,https://boxrec.com/en/box-pro/4343,4343,david-tua,yes
Jeff Horn,https://boxrec.com/en/box-pro/635000,635000,jeff-horn,yes
Zab Judah,https://boxrec.com/en/box-pro/6945,6945,zab-judah,yes
Oscar Collazo,https://boxrec.com/en/box-pro/919293,919293,oscar-collazo,yes
Yokasta Valle,https://boxrec.com/en/box-pro/694233,694233,yokasta-valle,yes
Maxi Hughes,https://boxrec.com/en/box-pro/543029,543029,maxi-hughes,yes
Julius Francis,https://boxrec.com/en/box-pro/5757,5757,julius-francis,yes
Riddick Bowe,https://boxrec.com/en/box-pro/1640,1640,riddick-bowe,yes
Agit Kabayel,https://boxrec.com/en/box-pro/575332,575332,agit-kabayel,yes
Angelo Leo,https://boxrec.com/en/box-pro/632458,632458,angelo-leo,yes
Wladimir Klitschko,https://boxrec.com/en/box-pro/7035,7035,wladimir-klitschko,yes
Bakhodir Jalolov,https://boxrec.com/en/box-pro/834487,834487,bakhodir-jalolov,yes
Arturo Gatti,https://boxrec.com/en/box-pro/3999,3999,arturo-gatti,yes
Charly Suarez,https://boxrec.com/ru/box-pro/851286,851286,charly-suarez,yes
Michel Soro,https://boxrec.com/en/box-pro/469744,469744,michel-soro,yes
Franchon Crews Dezurn,https://boxrec.com/en/box-pro/778621,778621,franchon-crews-dezurn,yes
Tony Yoka,https://boxrec.com/en/box-pro/795843,795843,tony-yoka,yes
Vitali Klitschko,https://boxrec.com/en/box-pro/7033,7033,vitali-klitschko,yes
Kelly Pavlik,https://boxrec.com/en/box-pro/015844,015844,,no
Bob Foster,https://boxrec.com/en/box-pro/9000,9000,bob-foster,yes
Salvador Sanchez,https://boxrec.com/en/box-pro/2201,2201,salvador-sanchez,yes
Ernesto Bergamasco,https://boxrec.com/en/box-pro/23414,23414,ernesto-bergamasco,yes
Micky Ward,https://boxrec.com/ru/box-pro/3603,3603,micky-ward,yes
Peter McNeeley,https://boxrec.com/en/box-pro/6428,6428,peter-mcneeley,yes
Julio Cesar Martinez,https://boxrec.com/en/box-pro/751478,751478,julio-cesar-martinez,yes
Chuck Wepner,https://boxrec.com/en/box-pro/97,97,chuck-wepner,yes
Julian Williams,https://boxrec.com/en/box-pro/536011,536011,julian-williams,yes
Thomas Mattice,https://boxrec.com/en/box-pro/697583,697583,thomas-mattice,yes
Ernesto Mercado,https://boxrec.com/ru/box-pro/872402,872402,,no
Jesse Hart,https://boxrec.com/en/box-pro/610132,610132,jesse-hart,yes
Kenshiro Teraji,https://boxrec.com/en/box-pro/692967,692967,kenshiro-teraji,yes
Luis Montano Alvarez,https://boxrec.com/en/box-pro/575948,575948,luis-montano-alvarez,yes
Oshae Jones,https://boxrec.com/en/box-pro/867572,867572,,no
Stevie Morgan,https://boxrec.com/en/box-pro/873187,873187,,no
Michael Perry,https://boxrec.com/en/box-pro/716301,716301,,no
Luke Campbell,https://boxrec.com/en/box-pro/651514,651514,luke-campbell,yes
Roiman Villa,https://boxrec.com/ru/box-pro/713780,713780,,no
John Ruiz,https://boxrec.com/en/box-pro/4655,4655,john-ruiz,yes
Jason Quigley,https://boxrec.com/en/box-pro/692831,692831,jason-quigley,yes
Michael Hunter,https://boxrec.com/en/box-pro/640268,640268,michael-hunter,yes
Vinny Pazienza,https://boxrec.com/en/box-pro/601,601,vinny-paz,yes
Richard Commey,https://boxrec.com/en/box-pro/563751,563751,richard-commey,yes
Miguel Vazquez,https://boxrec.com/en/box-pro/357157,357157,miguel-vazquez,yes
Lindolfo Delgado,https://boxrec.com/en/box-pro/791797,791797,lindolfo-delgado,yes
David Haye,https://boxrec.com/en/box-pro/155774,155774,david-haye,yes
Andrew Moloney,https://boxrec.com/en/box-pro/698248,698248,andrew-moloney,yes
Simiso Buthelezi,https://boxrec.com/en/box-pro/912527,912527,simiso-buthelezi,yes
Ewa Brodnicka,https://boxrec.com/en/box-pro/643501,643501,ewa-brodnicka,yes
Jason Crutchfield,https://boxrec.com/en/box-pro/28745,28745,jason-crutchfield,yes
Leigh Wood,https://boxrec.com/en/box-pro/582091,582091,leigh-wood,yes
Pedro Guevara,https://boxrec.com/en/box-pro/488496,488496,,no
Anthony Sims Jr,https://boxrec.com/en/box-pro/682201,682201,anthony-sims-jr,yes
Malachi Ross - BoxRec,https://boxrec.com/jp/box-pro/1064383,1064383,,no
Brian McIntyre,https://boxrec.com/en/box-pro/33501,33501,brian-mcintyre,yes
Josh Taylor,https://boxrec.com/en/box-pro/725709,725709,josh-taylor,yes
Christopher Lovejoy,https://boxrec.com/en/box-pro/746640,746640,christopher-lovejoy,yes
Troy Isley,https://boxrec.com/en/box-pro/854264,854264,troy-isley,yes
Robert Guerrero,https://boxrec.com/en/box-pro/67437,67437,robert-guerrero,yes
Dwight Muhammad Qawi,https://boxrec.com/en/box-pro/325,325,dwight-muhammad-qawi,yes
Kazuto Ioka,https://boxrec.com/en/box-pro/483786,483786,kazuto-ioka,yes
Yoshiki Takei,https://boxrec.com/en/box-pro/990774,990774,,no
Hanna Gabriels,https://boxrec.com/en/box-pro/430794,430794,hanna-gabriels,yes
Brandon Rios,https://boxrec.com/en/box-pro/263037,263037,brandon-rios,yes
Jim Braddock,https://boxrec.com/en/box-pro/12072,12072,james-j-braddock,yes
Thomas Dulorme,https://boxrec.com/en/box-pro/462637,462637,thomas-dulorme,yes
Pernell Whitaker,https://boxrec.com/en/box-pro/555,555,pernell-whitaker,yes
Adam Azim,https://boxrec.com/en/box-pro/978312,978312,adam-azim,yes
Donnie Long,https://boxrec.com/en/box-pro/3042,3042,donnie-long,yes
Georgia O'Connor,https://boxrec.com/en/box-pro/984954,984954,,no
Gabriel Gollaz Valenzuela,https://boxrec.com/en/box-pro/729819,729819,gabriel-gollaz-valenzuela,yes
Omar Figueroa Jr,https://boxrec.com/en/box-pro/456275,456275,omar-figueroa-jr,yes
Fabio Wardley,https://boxrec.com/en/box-pro/785893,785893,fabio-wardley,yes
Harlem Eubank,https://boxrec.com/en/box-pro/799034,799034,harlem-eubank,yes
Mark Potter,https://boxrec.com/en/box-pro/14995,14995,mark-potter,yes
Ike Quartey,https://boxrec.com/en/box-pro/001491,001491,,no
Callum Fenwick,https://boxrec.com/en/box-pro/1147857,1147857,,no
Hasim Rahman Jr,https://boxrec.com/en/box-pro/790284,790284,hasim-rahman-jr,yes
Greg Haugen,https://boxrec.com/en/box-pro/559,559,greg-haugen,yes
Ty Mitchell,https://boxrec.com/en/box-pro/529254,529254,ty-mitchell,yes
Chris Byrd,https://boxrec.com/en/box-pro/4923,4923,chris-byrd,yes
Iran Barkley,https://boxrec.com/en/box-pro/447,447,iran-barkley,yes
Lyndon Arthur,https://boxrec.com/en/box-pro/769852,769852,lyndon-arthur,yes
Hector Camacho,https://boxrec.com/en/box-pro/607,607,hector-camacho,yes
Callum Johnson,https://boxrec.com/en/box-pro/552122,552122,callum-johnson,yes
Ricardo Mayorga,https://boxrec.com/en/box-pro/16901,16901,ricardo-mayorga,yes
Jean Pascal,https://boxrec.com/en/box-pro/290691,290691,jean-pascal,yes
Brian Mendoza,https://boxrec.com/en/box-pro/686766,686766,brian-mendoza,yes
Eumir Felix Marcial,https://boxrec.com/ru/box-pro/851620,851620,eumir-felix-marcial,yes
Khalil Coe,https://boxrec.com/en/box-pro/861528,861528,,no
Marley Mason,https://boxrec.com/en/box-pro/1100851,1100851,,no
Orlando Salido,https://boxrec.com/en/box-pro/43998,43998,orlando-salido,yes
James Kirkland,https://boxrec.com/en/box-pro/62137,62137,james-kirkland,yes
Ronald Wright,https://boxrec.com/en/box-pro/3600,3600,ronald-wright,yes
Raymond Ford,https://boxrec.com/en/box-pro/861531,861531,raymond-ford,yes
Evan Holyfield,https://boxrec.com/en/box-pro/863501,863501,evan-holyfield,yes
Laszlo Toth,https://boxrec.com/en/box-pro/534845,534845,,no
Charles Martin,https://boxrec.com/en/box-pro/631078,631078,charles-martin_0,yes
Sergio Mora,https://boxrec.com/en/box-pro/36966,36966,sergio-mora_0,yes
Chris Algieri,https://boxrec.com/en/box-pro/449201,449201,chris-algieri,yes
Tomas Salek,https://boxrec.com/en/box-pro/796559,796559,tomas-salek,yes
Savannah Marshall,https://boxrec.com/en/box-pro/803108,803108,savannah-marshall,yes
Imam Khataev,https://boxrec.com/en/box-pro/852471,852471,imam-khataev,yes
Tomoki Kameda,https://boxrec.com/en/box-pro/472942,472942,tomoki-kameda,yes
Sam Goodman,https://boxrec.com/en/box-pro/832952,832952,sam-goodman,yes
Caroline Dubois,https://boxrec.com/en/box-pro/880929,880929,caroline-dubois,yes
Andrew Tabiti,https://boxrec.com/en/box-pro/658608,658608,andrew-tabiti,yes
Eric Tudor,https://boxrec.com/es/box-pro/865210,865210,,no
Yohan Vasquez,https://boxrec.com/en/box-pro/622614,622614,,no
Alexander Povetkin,https://boxrec.com/en/box-pro/318081,318081,alexander-povetkin,yes
Felix Verdejo,https://boxrec.com/en/box-pro/630357,630357,felix-verdejo,yes
Francisco Rodriguez Jr,https://boxrec.com/en/box-pro/549253,549253,francisco-rodriguez-jr,yes
Tony Lopez,https://boxrec.com/en/box-pro/509,509,,no
Maricela Cornejo,https://boxrec.com/en/box-pro/622745,622745,maricela-cornejo,yes
Carlos Ocampo,https://boxrec.com/en/box-pro/625947,625947,carlos-ocampo,yes
Adonis Stevenson,https://boxrec.com/en/box-pro/372003,372003,adonis-stevenson,yes
Peter Dobson,https://boxrec.com/en/box-pro/699549,699549,peter-dobson,yes
Javier Fortuna,https://boxrec.com/en/box-pro/494223,494223,javier-fortuna,yes
Rocky Marciano,https://boxrec.com/en/box-pro/009032,009032,,no
Orlando Cruz,https://boxrec.com/en/box-pro/93086,93086,orlando-cruz,yes
David Rodriguez,https://boxrec.com/en/box-pro/47041,47041,david-rodriguez,yes
Adam Kownacki,https://boxrec.com/en/box-pro/512994,512994,adam-kownacki,yes
Carl Froch,https://boxrec.com/en/box-pro/97570,97570,carl-froch,yes
Galal Yafai,https://boxrec.com/en/box-pro/850302,850302,galal-yafai,yes
Ramla Ali,https://boxrec.com/en/box-pro/868836,868836,ramla-ali,yes
Peter Quillin,https://boxrec.com/en/box-pro/316441,316441,peter-quillin,yes
Sophie Alisch,https://boxrec.com/en/box-pro/864191,864191,sophie-alisch,yes
Eduardo Hernandez,https://boxrec.com/en/box-pro/614781,614781,eduardo-hernandez,yes
Pipino Cuevas,https://boxrec.com/en/box-pro/002224,002224,,no
Yolanda Guadalupe Vega Ochoa,https://boxrec.com/de/box-pro/728620,728620,yolanda-vega,yes
Andre Dirrell,https://boxrec.com/en/box-pro/291903,291903,andre-dirrell,yes
Lani Daniels,https://boxrec.com/en/box-pro/808643,808643,,no
Lee Cutler,https://boxrec.com/en/box-pro/845926,845926,lee-cutler,yes
Antonio Tarver Jr.,https://boxrec.com/en/box-pro/695801,695801,antonio-tarver-jr,yes
Sergey Lipinets,https://boxrec.com/en/box-pro/684792,684792,sergey-lipinets,yes
Shannon Courtenay,https://boxrec.com/en/box-pro/868063,868063,shannon-courtenay,yes
Vernon Forrest,https://boxrec.com/en/box-pro/9047,9047,vernon-forrest,yes
Demsey McKean,https://boxrec.com/en/box-pro/702784,702784,demsey-mckean,yes
Antonio Margarito,https://boxrec.com/en/box-pro/11677,11677,antonio-margarito,yes
Jonathan Gonzalez-Ortiz,https://boxrec.com/en/box-pro/482501,482501,,no
Jose Luis Castillo,https://boxrec.com/en/box-pro/8837,8837,jose-luis-castillo,yes
Owen Cooper,https://boxrec.com/cn/box-pro/895137,895137,,no
Caleb Truax,https://boxrec.com/en/box-pro/387857,387857,caleb-truax,yes
Jason Moloney,https://boxrec.com/en/box-pro/693965,693965,jason-moloney,yes
Chris Billam-Smith,https://boxrec.com/cn/box-pro/811275,811275,chris-billam-smith,yes
Jessie Vargas,https://boxrec.com/en/box-pro/468475,468475,jessie-vargas,yes
Maurice Bebin,https://boxrec.com/en/box-pro/599722,599722,,no
Anthony Cacace,https://boxrec.com/en/box-pro/599965,599965,anthony-cacace,yes
Julian Jackson,https://boxrec.com/en/box-pro/565,565,julian-jackson,yes
Jack Dempsey,https://boxrec.com/en/box-pro/9009,9009,jack-dempsey_0,yes
Frazer Clarke,https://boxrec.com/en/box-pro/851687,851687,frazer-clarke,yes
Paulino Uzcudun,https://boxrec.com/en/box-pro/12118,12118,,no
Julio Ceja,https://boxrec.com/en/box-pro/504563,504563,,no
Joe Louis,https://boxrec.com/en/box-pro/009027,009027,,no
Kurt Scoby,https://boxrec.com/en/box-pro/963639,963639,,no
Derrieck Cuevas,https://boxrec.com/en/box-pro/702251,702251,,no
Terrell Gausha,https://boxrec.com/en/box-pro/629464,629464,terrell-gausha,yes
Andrei Mikhailovich,https://boxrec.com/fr/box-pro/833724,833724,andrei-mikhailovich,yes
Manuel Jaimes,https://boxrec.com/en/box-pro/832090,832090,,no
Roberto Garcia,https://boxrec.com/en/box-pro/4602,4602,,no
Robeisy Ramirez,https://boxrec.com/en/box-pro/850274,850274,robeisy-ramirez,yes
Anthony Pettis,https://boxrec.com/en/box-pro/1136062,1136062,anthony-pettis,yes
Rene Tellez Giron,https://boxrec.com/en/box-pro/771680,771680,rene-tellez-giron,yes
Alexander Dimitrenko,https://boxrec.com/en/box-pro/79357,79357,alexander-dimitrenko,yes
Ramon Alvarez,https://boxrec.com/en/box-pro/445737,445737,ramon-alvarez,yes
Bakary Samake,https://boxrec.com/en/box-pro/1015543,1015543,bakary-samake,yes
Carlos Castro,https://boxrec.com/en/box-pro/617852,617852,carlos-castro,yes
Filip Hrgovic,https://boxrec.com/en/box-pro/813758,813758,filip-hrgovic,yes
Steven Navarro,https://boxrec.com/en/box-pro/1055635,1055635,,no
Johnny Fisher,https://boxrec.com/en/box-pro/990410,990410,johnny-fisher_0,yes
Darius Fulghum,https://boxrec.com/es/box-pro/861551,861551,darius-fulghum,yes
Manuel Gallegos,https://boxrec.com/en/box-pro/705232,705232,,no
Raphael Akpejiori,https://boxrec.com/en/box-pro/840891,840891,,no
Wilfred Benitez,https://boxrec.com/en/box-pro/438,438,wilfred-benitez,yes
Tim Witherspoon,https://boxrec.com/en/box-pro/432,432,tim-witherspoon,yes
Dmitry Pirog,https://boxrec.com/en/box-pro/325260,325260,dmitry-pirog,yes
Dalton Smith,https://boxrec.com/en/box-pro/850314,850314,dalton-smith_0,yes
J'Leon Love,https://boxrec.com/en/box-pro/526600,526600,jleon-love,yes
Cody Crowley,https://boxrec.com/en/box-pro/691371,691371,cody-crowley,yes
Fernando Daniel Martinez,https://boxrec.com/fr/box-pro/809729,809729,fernando-martinez,yes
Emmanuel Rodriguez,https://boxrec.com/en/box-pro/614887,614887,emmanuel-rodriguez,yes
Masayoshi Nakatani,https://boxrec.com/en/box-pro/573607,573607,masayoshi-nakatani,yes
Osleys Iglesias,https://boxrec.com/en/box-pro/850339,850339,osleys-iglesias,yes
Brandon Glanton,https://boxrec.com/en/box-pro/792659,792659,brandon-glanton,yes
Danny Rosenberger,https://boxrec.com/en/box-pro/722689,722689,,no
Ruben Villa,https://boxrec.com/en/box-pro/768427,768427,ruben-villa,yes
Liam Davies,https://boxrec.com/ru/box-pro/859643,859643,liam-davies,yes
Terry Norris,https://boxrec.com/en/box-pro/532,532,terry-norris,yes
George Groves,https://boxrec.com/en/box-pro/472580,472580,george-groves,yes
Vincent Astrolabio,https://boxrec.com/en/box-pro/725879,725879,vincent-astrolabio,yes
Hovik Keuchkerian,https://boxrec.com/en/box-pro/25770,25770,hovik-keuchkerian,yes
Joseph Adorno,https://boxrec.com/en/box-pro/779603,779603,joseph-adorno,yes
David Allen,https://boxrec.com/en/box-pro/630710,630710,david-allen,yes
Ike Ibeabuchi,https://boxrec.com/en/box-pro/5981,5981,ike-ibeabuchi,yes
Yoenis Tellez,https://boxrec.com/cn/box-pro/940048,940048,,no
Takuma Inoue,https://boxrec.com/en/box-pro/667667,667667,takuma-inoue,yes
Sergio Martinez,https://boxrec.com/en/box-pro/14429,14429,sergio-martinez_0,yes
Azat Hovhannisyan,https://boxrec.com/en/box-pro/568890,568890,azat-hovhannisyan,yes
Edwin Valero,https://boxrec.com/en/box-pro/122183,122183,edwin-valero,yes
Mike Weaver,https://boxrec.com/en/box-pro/405,405,mike-weaver,yes
Antonio Tarver,https://boxrec.com/en/box-pro/014043,014043,,no
Cristofer Rosales,https://boxrec.com/en/box-pro/652156,652156,cristofer-rosales,yes
Daniel Roman,https://boxrec.com/en/box-pro/549073,549073,daniel-roman,yes
Alexis Arguello,https://boxrec.com/en/box-pro/2179,2179,alexis-arguello,yes
Phumelela Cafu,https://boxrec.com/ru/box-pro/839957,839957,,no
Eman Bacosa,https://boxrec.com/en/box-pro/1184645,1184645,,no
Len Wickwar,https://boxrec.com/en/box-pro/24129,24129,len-wickwar,yes
Peter Eubanks,https://boxrec.com/en/box-pro/25592,25592,peter-eubanks,yes
Abel Mendoza,https://boxrec.com/en/box-pro/750352,750352,abel-mendoza,yes
Ann Wolfe,https://boxrec.com/en/box-pro/19247,19247,ann-wolfe,yes
Lamont Peterson,https://boxrec.com/en/box-pro/272077,272077,lamont-peterson,yes
David Cuellar Contreras,https://boxrec.com/en/box-pro/805589,805589,david-cuellar-contreras,yes
Kevin Kelley,https://boxrec.com/en/box-pro/1362,1362,kevin-kelley,yes
Joe Calzaghe,https://boxrec.com/en/box-pro/5364,5364,joe-calzaghe,yes
Cory Spinks,https://boxrec.com/en/box-pro/7781,7781,cory-spinks,yes
Guido Vianello,https://boxrec.com/en/box-pro/849885,849885,guido-vianello,yes
Christina Hammer,https://boxrec.com/en/box-pro/511100,511100,christina-hammer,yes
Jordan Gill,https://boxrec.com/en/box-pro/619123,619123,jordan-gill,yes
Romero Duno,https://boxrec.com/en/box-pro/696193,696193,romero-duno,yes
Juan Manuel Lopez,https://boxrec.com/en/box-pro/291928,291928,juan-manuel-lopez,yes
Ken Norton,https://boxrec.com/en/box-pro/168,168,ken-norton,yes
Slawa Spomer,https://boxrec.com/ru/box-pro/835962,835962,slawa-spomer,yes
Jeff Page Jr,https://boxrec.com/en/box-pro/643317,643317,,no
Liam Wilson,https://boxrec.com/de/box-pro/837200,837200,liam-wilson,yes
Murodjon Akhmadaliev,https://boxrec.com/en/box-pro/828415,828415,murodjon-akhmadaliev,yes
Gerry Cooney,https://boxrec.com/en/box-pro/2463,2463,gerry-cooney,yes
Tony Tucker,https://boxrec.com/en/box-pro/495,495,tony-tucker,yes
James McKenzie Morrison,https://boxrec.com/en/box-pro/699496,699496,james-mckenzie-morrison,yes
Justin Goslee,https://boxrec.com/en/box-pro/656910,656910,,no
Fernando Vargas,https://boxrec.com/en/box-pro/7205,7205,fernando-vargas,yes
Joseph Spencer,https://boxrec.com/en/box-pro/825172,825172,joseph-spencer,yes
Wilfredo Gomez,https://boxrec.com/en/box-pro/2542,2542,wilfredo-gomez,yes
Marselles Brown,https://boxrec.com/en/box-pro/5876,5876,marselles-brown,yes
Mariana Juarez,https://boxrec.com/en/box-pro/20764,20764,mariana-juarez,yes
Jose Ribalta,https://boxrec.com/en/box-pro/557,557,jose-ribalta,yes
Tomasz Adamek,https://boxrec.com/en/box-pro/14883,14883,tomasz-adamek,yes
Christy Martin,https://boxrec.com/en/box-pro/15494,15494,christy-martin,yes
Donald Curry,https://boxrec.com/en/box-pro/612,612,donald-curry,yes
Chris van Heerden,https://boxrec.com/en/box-pro/371022,371022,chris-van-heerden,yes
Devon Alexander,https://boxrec.com/en/box-pro/254834,254834,devon-alexander,yes
Ray Mercer,https://boxrec.com/en/box-pro/1620,1620,ray-mercer,yes
Hughie Fury,https://boxrec.com/en/box-pro/643611,643611,hughie-fury,yes
Andreas Katzourakis,https://boxrec.com/en/box-pro/838613,838613,,no
Rocky Graziano,https://boxrec.com/en/box-pro/009016,009016,,no
Robert Easter Jr,https://boxrec.com/en/box-pro/631773,631773,robert-easter-jr,yes
Marco Hall,https://boxrec.com/en/box-pro/573434,573434,marco-hall,yes
Thammanoon Niyomtrong,https://boxrec.com/en/box-pro/617144,617144,thammanoon-niyomtrong,yes
Antonio Becerra,https://boxrec.com/en/box-pro/322,322,antonio-becerra,yes
Padraig McCrory,https://boxrec.com/en/box-pro/798791,798791,padraig-mccrory,yes
Hamzah Sheeraz,https://boxrec.com/en/box-pro/808683,808683,hamzah-sheeraz,yes
Jimmy Young,https://boxrec.com/en/box-pro/276,276,jimmy-young,yes
Cheavon Clarke,https://boxrec.com/en/box-pro/850325,850325,cheavon-clarke,yes
Jeyvier Cintron,https://boxrec.com/en/box-pro/794326,794326,jeyvier-cintron,yes
Charlie Zelenoff,https://boxrec.com/en/box-pro/446405,446405,charlie-zelenoff,yes
Ronny Rios,https://boxrec.com/en/box-pro/473908,473908,ronny-rios,yes
Shannon O'Connell,https://boxrec.com/en/box-pro/592205,592205,shannon-oconnell,yes
Radivoje Kalajdzic,https://boxrec.com/en/box-pro/569100,569100,radivoje-kalajdzic,yes
Aaron Pryor,https://boxrec.com/en/box-pro/8993,8993,aaron-pryor,yes
James Smith,https://boxrec.com/en/box-pro/563,563,james-smith,yes
Nicolino Locche,https://boxrec.com/en/box-pro/10279,10279,nicolino-locche,yes
Rohan Polanco,https://boxrec.com/fr/box-pro/852484,852484,,no
Viktor Postol,https://boxrec.com/en/box-pro/432621,432621,viktor-postol,yes
Mitchell Rose,https://boxrec.com/en/box-pro/13897,13897,mitchell-rose,yes
Kenneth Sims Jr,https://boxrec.com/en/box-pro/678994,678994,kenneth-sims-jr,yes
Christopher Diaz-Velez,https://boxrec.com/en/box-pro/661494,661494,christopher-diaz,yes
Brandon Moore,https://boxrec.com/en/box-pro/872853,872853,,no
Sona Akale,https://boxrec.com/ru/box-pro/898687,898687,,no
Gerald Washington,https://boxrec.com/en/box-pro/621653,621653,gerald-washington,yes
Jermaine Franklin Jr,https://boxrec.com/en/box-pro/716569,716569,jermaine-franklin,yes
BJ Flores,https://boxrec.com/en/box-pro/188315,188315,bj-flores,yes
Johnny Nelson,https://boxrec.com/en/box-pro/623,623,johnny-nelson,yes
Oliver McCall,https://boxrec.com/en/box-pro/451,451,oliver-mccall,yes
Pablo Valdez,https://boxrec.com/en/box-pro/836517,836517,pablo-valdez,yes
Vanessa Lepage-Joanisse,https://boxrec.com/en/box-pro/743770,743770,,no
Vladimir Hernandez,https://boxrec.com/en/box-pro/456117,456117,vladimir-hernandez,yes
David Stevens,https://boxrec.com/en/box-pro/854775,854775,david-stevens,yes
Florian Marku,https://boxrec.com/en/box-pro/859027,859027,florian-marku,yes
Francisco Vargas,https://boxrec.com/en/box-pro/528954,528954,francisco-vargas,yes
Randall Cobb,https://boxrec.com/en/box-pro/2540,2540,randall-cobb,yes
Nicholas Walters,https://boxrec.com/en/box-pro/462974,462974,nicholas-walters,yes
Nigel Benn,https://boxrec.com/en/box-pro/739,739,nigel-benn,yes
Rahman Ali,https://boxrec.com/en/box-pro/22519,22519,rahman-ali,yes
Hasim Rahman,https://boxrec.com/en/box-pro/6070,6070,hasim-rahman,yes
Arthur Abraham,https://boxrec.com/en/box-pro/208432,208432,arthur-abraham,yes
Ra'eese Aleem,https://boxrec.com/en/box-pro/580441,580441,raeese-aleem,yes
Ellie Scotney,https://boxrec.com/en/box-pro/889583,889583,ellie-scotney,yes
Gary Antonio Russell,https://boxrec.com/en/box-pro/708440,708440,gary-antonio-russell,yes
Julian Rodriguez,https://boxrec.com/en/box-pro/663098,663098,julian-rodriguez,yes
Victor Morales,https://boxrec.com/en/box-pro/769368,769368,victor-morales,yes
Ali Eson Gib,https://boxrec.com/en/box-pro/912384,912384,ali-eson-gib,yes
Roberto Duran,https://boxrec.com/en/box-pro/000080,000080,,no
Henry Lebron,https://boxrec.com/en/box-pro/785770,785770,henry-lebron,yes
William Foster III,https://boxrec.com/en/box-pro/713830,713830,,no
Richard Grant,https://boxrec.com/en/box-pro/19040,19040,richard-grant,yes
BoxRec: Kelvin Davis,https://boxrec.com/en/box-pro/863487,863487,kelvin-davis,yes
Artur Szpilka,https://boxrec.com/en/box-pro/473857,473857,artur-szpilka,yes
Sadam Ali,https://boxrec.com/en/box-pro/482805,482805,sadam-ali,yes
Samuel Peter,https://boxrec.com/en/box-pro/32364,32364,samuel-peter,yes
Ohara Davies,https://boxrec.com/en/box-pro/680284,680284,ohara-davies,yes
Derek Ennis,https://boxrec.com/en/box-pro/134680,134680,derek-ennis,yes
Luis Resto,https://boxrec.com/en/box-pro/22083,22083,luis-resto,yes
James Wilson,https://boxrec.com/en/box-pro/795218,795218,james-wilson,yes
Rafael Marquez,https://boxrec.com/en/box-pro/013019,013019,,no
Dennis Hogan,https://boxrec.com/en/box-pro/562383,562383,dennis-hogan,yes
Omar Cande Trinidad,https://boxrec.com/en/box-pro/843967,843967,,no
Tony Jeffries,https://boxrec.com/en/box-pro/484413,484413,tony-jeffries,yes
Floyd Patterson,https://boxrec.com/en/box-pro/9038,9038,floyd-patterson,yes
Kevin Lerena,https://boxrec.com/en/box-pro/587030,587030,kevin-lerena,yes
Abner Mares,https://boxrec.com/en/box-pro/287904,287904,abner-mares,yes
Carlos Balderas,https://boxrec.com/en/box-pro/791794,791794,carlos-balderas,yes
Steve Collins,https://boxrec.com/en/box-pro/645,645,steve-collins,yes
Joe Cusumano,https://boxrec.com/en/box-pro/543200,543200,joe-cusumano,yes
Richard Riakporhe,https://boxrec.com/en/box-pro/769396,769396,richard-riakporhe,yes
Derrick James,https://boxrec.com/en/box-pro/6506,6506,derrick-james,yes
Ricardo Alvarez,https://boxrec.com/en/box-pro/459569,459569,ricardo-alvarez,yes
Amir Ahmed Imam,https://boxrec.com/en/box-pro/584917,584917,amir-ahmed-imam,yes
Kevin Johnson,https://boxrec.com/en/box-pro/781857,781857,kevin-johnson_0,yes
Roger Mayweather,https://boxrec.com/en/box-pro/485,485,roger-mayweather,yes
Mark Gastineau,https://boxrec.com/en/box-pro/16542,16542,,no
Diego Corrales,https://boxrec.com/en/box-pro/6722,6722,diego-corrales,yes
Eric Molina,https://boxrec.com/en/box-pro/387871,387871,eric-molina,yes
Oscar Rivas,https://boxrec.com/en/box-pro/503964,503964,oscar-rivas,yes
Stephan Shaw,https://boxrec.com/en/box-pro/672064,672064,stephan-shaw,yes
Nikita Tszyu,https://boxrec.com/en/box-pro/968814,968814,nikita-tszyu,yes
Ruben Olivares,https://boxrec.com/en/box-pro/9040,9040,ruben-olivares,yes
Atif Oberlton,https://boxrec.com/ru/box-pro/860783,860783,atif-oberlton,yes
Genaro Hernandez,https://boxrec.com/en/box-pro/511,511,genaro-hernandez,yes
Wisaksil Wangek,https://boxrec.com/en/box-pro/528191,528191,wisaksil-wangek,yes
Montell Griffin,https://boxrec.com/en/box-pro/4966,4966,montell-griffin,yes
Joe Frazier Jr,https://boxrec.com/en/box-pro/3105,3105,joe-frazier-jr,yes
Johnny Tapia,https://boxrec.com/en/box-pro/1160,1160,johnny-tapia,yes
Curtis Stevens,https://boxrec.com/en/box-pro/271558,271558,curtis-stevens,yes
Nikita Ababiy,https://boxrec.com/en/box-pro/846184,846184,nikita-ababiy,yes
Walid Muhsein,https://boxrec.com/de/box-pro/1120874,1120874,walid-muhsein,yes
Mairis Briedis,https://boxrec.com/en/box-pro/514537,514537,mairis-briedis,yes
Cindy Serrano,https://boxrec.com/en/box-pro/212799,212799,cindy-serrano,yes
Jevgenijs Andrejevs,https://boxrec.com/en/box-pro/286724,286724,jevgenijs-andrejevs,yes
Joe Bugner,https://boxrec.com/en/box-pro/000924,000924,,no
Henry Lundy,https://boxrec.com/en/box-pro/360267,360267,hank-lundy,yes
Ginny Fuchs,https://boxrec.com/en/box-pro/866528,866528,,no
Jerwin Ancajas,https://boxrec.com/en/box-pro/506289,506289,jerwin-ancajas,yes
Jorge Arce,https://boxrec.com/en/box-pro/6642,6642,jorge-arce,yes
Michael Spinks,https://boxrec.com/en/box-pro/1286,1286,michael-spinks,yes
Nina Hughes,https://boxrec.com/en/box-pro/984879,984879,nina-hughes,yes
Nathaniel Gallimore,https://boxrec.com/en/box-pro/696560,696560,,no
DeMarcus Corley,https://boxrec.com/en/box-pro/19266,19266,demarcus-corley,yes
Zaur Abdullaev,https://boxrec.com/en/box-pro/790678,790678,zaur-abdullaev,yes
Norair Mikaeljan,https://boxrec.com/en/box-pro/571652,571652,noel-gevor,yes
Theotrice Chambers,https://boxrec.com/en/box-pro/57717,57717,theotrice-chambers,yes
Bryce Mills,https://boxrec.com/en/box-pro/933661,933661,bryce-mills,yes
Jason Sanchez,https://boxrec.com/en/box-pro/627649,627649,jason-sanchez,yes
Justis Huni,https://boxrec.com/en/box-pro/863084,863084,justis-huni,yes
Ardreal Holmes Jr,https://boxrec.com/en/box-pro/772010,772010,ardreal-holmes-jr,yes
Daigo Higa,https://boxrec.com/en/box-pro/691593,691593,daigo-higa,yes
Cesar Diaz,https://boxrec.com/en/box-pro/779044,779044,cesar-diaz_0,yes
Charlie Sheehy,https://boxrec.com/es/box-pro/861497,861497,charlie-sheehy,yes
Ionut Baluta,https://boxrec.com/en/box-pro/751458,751458,ionut-baluta,yes
J'Hon Ingram,https://boxrec.com/ru/box-pro/911702,911702,,no
Michael Carbajal,https://boxrec.com/en/box-pro/1623,1623,michael-carbajal,yes
Steven Butler,https://boxrec.com/en/box-pro/679764,679764,steven-butler,yes
Stephanie Dobbs,https://boxrec.com/en/box-pro/94632,94632,stephanie-dobbs,yes
Edwin Rodriguez,https://boxrec.com/en/box-pro/434691,434691,edwin-rodriguez,yes
Jonathan Gonzalez,https://boxrec.com/en/box-pro/566560,566560,jonathan-gonzalez,yes
Justin DeLoach,https://boxrec.com/en/box-pro/647963,647963,justin-deloach,yes
Danny Lopez,https://boxrec.com/en/box-pro/9011,9011,danny-lopez,yes
Salvador Sanchez,https://boxrec.com/en/box-pro/002201,002201,,no
Luis Ramon Campas,https://boxrec.com/en/box-pro/8038,8038,yori-boy-campas,yes
Mike Alvarado,https://boxrec.com/en/box-pro/238133,238133,mike-alvarado,yes
Dylan Price,https://boxrec.com/en/box-pro/784061,784061,,no
Michael Moorer,https://boxrec.com/en/box-pro/1137,1137,michael-moorer,yes
Raven Chapman,https://boxrec.com/en/box-pro/899546,899546,raven-chapman,yes
Gene Fullmer,https://boxrec.com/en/box-pro/9707,9707,gene-fullmer,yes
Roman Martinez,https://boxrec.com/en/box-pro/93555,93555,roman-martinez,yes
Lucia Rijker,https://boxrec.com/en/box-pro/18459,18459,lucia-rijker,yes
Sammy Scaff,https://boxrec.com/en/box-pro/3047,3047,sammy-scaff,yes
Vonda Ward,https://boxrec.com/en/box-pro/20917,20917,vonda-ward,yes
Jack Johnson,https://boxrec.com/en/box-pro/001187,001187,,no
David Nyika,https://boxrec.com/en/box-pro/851621,851621,david-nyika,yes
Gary Cully,https://boxrec.com/en/box-pro/809347,809347,gary-cully,yes
Egidijus Kavaliauskas,https://boxrec.com/en/box-pro/645054,645054,egidijus-kavaliauskas,yes
Chad Dawson,https://boxrec.com/en/box-pro/60393,60393,chad-dawson,yes
Asa Stevens,https://boxrec.com/en/box-pro/863949,863949,asa-stevens,yes
Israel Adesanya,https://boxrec.com/en/box-pro/703721,703721,israel-adesanya,yes
Cain Sandoval,https://boxrec.com/en/box-pro/872420,872420,,no
Jorge Juarez,https://boxrec.com/en/box-pro/297078,297078,jorge-juarez,yes
James Tillis,https://boxrec.com/en/box-pro/803,803,james-tillis,yes
Andrew Golota,https://boxrec.com/en/box-pro/4345,4345,andrew-golota,yes
Demond Nicholson,https://boxrec.com/en/box-pro/657991,657991,demond-nicholson,yes
Brandon Adams,https://boxrec.com/en/box-pro/567641,567641,brandon-adams,yes
Andy Vences,https://boxrec.com/en/box-pro/628451,628451,andy-vences,yes
Joe Louis,https://boxrec.com/en/box-pro/9027,9027,joe-louis_0,yes
Tyrone McKenna,https://boxrec.com/en/box-pro/623520,623520,tyrone-mckenna,yes
Tyrell Biggs,https://boxrec.com/en/box-pro/1006,1006,tyrell-biggs,yes
Marvis Frazier,https://boxrec.com/en/box-pro/519,519,marvis-frazier,yes
Michael McKinson,https://boxrec.com/en/box-pro/697918,697918,michael-mckinson,yes
Erick Rosa,https://boxrec.com/en/box-pro/894561,894561,,no
Kosei Tanaka,https://boxrec.com/en/box-pro/666339,666339,kosei-tanaka,yes
Elvis Rodriguez,https://boxrec.com/en/box-pro/852433,852433,elvis-rodriguez_0,yes
Aaron McKenna,https://boxrec.com/en/box-pro/820006,820006,,no
Ryan Rozicki,https://boxrec.com/en/box-pro/773151,773151,ryan-rozicki,yes
Aleem Whitfield,https://boxrec.com/en/box-pro/503848,503848,,no
Bert Cooper,https://boxrec.com/en/box-pro/1596,1596,bert-cooper,yes
Jackson Murray,https://boxrec.com/en/box-pro/1001561,1001561,jackson-murray,yes
Jono Carroll,https://boxrec.com/en/box-pro/634535,634535,jono-carroll,yes
Jermain Taylor,https://boxrec.com/en/box-pro/031056,031056,,no
Shavkatdzhon Rakhimov,https://boxrec.com/en/box-pro/740705,740705,shavkat-rakhimov,yes
Rances Barthelemy,https://boxrec.com/en/box-pro/507579,507579,reynante-jamili,yes
Santiago Dominguez,https://boxrec.com/en/box-pro/739064,739064,santiago-dominguez,yes
Antonio Moran,https://boxrec.com/en/box-pro/605340,605340,antonio-moran,yes
Enzo Maccarinelli,https://boxrec.com/en/box-pro/9195,9195,enzo-maccarinelli,yes
Mahmoud Charr,https://boxrec.com/en/box-pro/314362,314362,mahmoud-charr,yes
Rocky Fielding,https://boxrec.com/en/box-pro/546589,546589,rocky-fielding,yes
Nahir Albright,https://boxrec.com/en/box-pro/772187,772187,,no
Alfredo Angulo,https://boxrec.com/en/box-pro/288697,288697,alfredo-angulo,yes
Rene Alvarado,https://boxrec.com/en/box-pro/452490,452490,rene-alvarado,yes
Joe Frazier,https://boxrec.com/en/box-pro/147,147,joe-frazier,yes
Jarvis Khattri,https://boxrec.com/en/box-pro/1274586,1274586,,no
Ricardo Salas Rodriguez,https://boxrec.com/en/box-pro/777306,777306,,no
Esteban De Jesus,https://boxrec.com/en/box-pro/008683,008683,,no
Hugo Centeno Jr,https://boxrec.com/en/box-pro/488076,488076,hugo-centeno-jr,yes
Ruslan Provodnikov,https://boxrec.com/en/box-pro/379156,379156,ruslan-provodnikov,yes
Carlos Takam,https://boxrec.com/en/box-pro/355273,355273,carlos-takam,yes
Elijah Pierce,https://boxrec.com/en/box-pro/768225,768225,,no
Vaughn Alexander,https://boxrec.com/en/box-pro/247286,247286,vaughn-alexander,yes
Gurgen Hovhannisyan,https://boxrec.com/en/box-pro/856378,856378,,no
Angel Ayala Lardizabal,https://boxrec.com/fr/box-pro/871081,871081,,no
Andy Lee,https://boxrec.com/en/box-pro/344849,344849,andy-lee_0,yes
Sakio Bika,https://boxrec.com/en/box-pro/042088,042088,,no
Shohjahon Ergashev,https://boxrec.com/en/box-pro/742016,742016,shohjahon-ergashev,yes
Jim Smith,https://boxrec.com/en/box-pro/106304,106304,jim-smith,yes
Max Baer,https://boxrec.com/en/box-pro/012077,012077,,no
Reggie Strickland,https://boxrec.com/en/box-pro/4741,4741,reggie-strickland,yes
Shakhram Giyasov,https://boxrec.com/en/box-pro/828413,828413,shakhram-giyasov,yes
Branden Pizarro,https://boxrec.com/en/box-pro/773858,773858,,no
Mizuki Hiruta,https://boxrec.com/en/box-pro/899773,899773,,no
Adelaida Maria Ruiz,https://boxrec.com/en/box-pro/789726,789726,adelaida-ruiz,yes
Steve Zouski,https://boxrec.com/en/box-pro/792,792,steve-zouski,yes
Sena Agbeko,https://boxrec.com/en/box-pro/574340,574340,sena-agbeko,yes
Andrii Novytskyi,https://boxrec.com/en/box-pro/1128528,1128528,,no
Joshua James Pagan,https://boxrec.com/en/box-pro/861449,861449,,no
Joseph Hicks,https://boxrec.com/en/box-pro/859657,859657,,no
Miyo Yoshida,https://boxrec.com/en/box-pro/689457,689457,,no
Clinton Mitchell,https://boxrec.com/en/box-pro/1415,1415,clinton-mitchell,yes
Melvin Jerusalem,https://boxrec.com/en/box-pro/696222,696222,,no
Jaime Garza,https://boxrec.com/en/box-pro/8415,8415,jaime-garza,yes
Abraham R Perez,https://boxrec.com/en/box-pro/861489,861489,abraham-r-perez,yes
Jahi Tucker,https://boxrec.com/de/box-pro/959870,959870,jahi-tucker,yes
Angel Manfredy,https://boxrec.com/en/box-pro/5180,5180,angel-manfredy,yes
Jerry Judge,https://boxrec.com/en/box-pro/161,161,jerry-judge,yes
Kelly Pavlik,https://boxrec.com/en/box-pro/15844,15844,kelly-pavlik,yes
Alberto Machado,https://boxrec.com/en/box-pro/634553,634553,alberto-machado_0,yes
Yuniel Dorticos,https://boxrec.com/en/box-pro/507154,507154,yuniel-dorticos,yes
Avtandil Khurtsidze,https://boxrec.com/en/box-pro/238446,238446,avtandil-khurtsidze,yes
Dainier Pero,https://boxrec.com/en/box-pro/863085,863085,,no
Wayne McCullough,https://boxrec.com/en/box-pro/4985,4985,wayne-mccullough,yes
Azumah Nelson,https://boxrec.com/en/box-pro/440,440,azumah-nelson,yes
Bill Hutchinson,https://boxrec.com/en/box-pro/566043,566043,bill-hutchinson,yes
Austin Deanda,https://boxrec.com/cn/box-pro/1018027,1018027,,no
Yusaf Mack,https://boxrec.com/en/box-pro/59834,59834,yusaf-mack,yes
Nick Blackwell,https://boxrec.com/en/box-pro/495046,495046,nick-blackwell,yes
Ziyad Almaayouf,https://boxrec.com/en/box-pro/1095909,1095909,,no
Ginjiro Shigeoka,https://boxrec.com/ru/box-pro/846108,846108,,no
Anthony Olascuaga,https://boxrec.com/es/box-pro/904246,904246,,no
Juan Macias Montiel,https://boxrec.com/en/box-pro/521741,521741,juan-macias-montiel,yes
Dyana Vargas,https://boxrec.com/en/box-pro/818315,818315,dyana-vargas,yes
Rogelio Medina Luna,https://boxrec.com/en/box-pro/419569,419569,,no
Lou Savarese,https://boxrec.com/en/box-pro/1795,1795,lou-savarese,yes
John Mugabi,https://boxrec.com/en/box-pro/694,694,john-mugabi,yes
Dakota Linger,https://boxrec.com/en/box-pro/714744,714744,dakota-linger,yes
Alfonso Blanco,https://boxrec.com/en/box-pro/546386,546386,alfonso-blanco,yes
Jake LaMotta,https://boxrec.com/en/box-pro/009030,009030,,no
Delante Johnson,https://boxrec.com/en/box-pro/856811,856811,delante-johnson,yes
Rau'shee Warren,https://boxrec.com/en/box-pro/629466,629466,raushee-warren,yes
Kostya Tszyu,https://boxrec.com/en/box-pro/4388,4388,kostya-tszyu,yes
Angel Barrientes,https://boxrec.com/en/box-pro/872424,872424,,no
Jerry Quarry,https://boxrec.com/en/box-pro/9385,9385,jerry-quarry,yes
Kid Galahad,https://boxrec.com/en/box-pro/509429,509429,kid-galahad_0,yes
Beibut Shumenov,https://boxrec.com/en/box-pro/427368,427368,beibut-shumenov,yes
Tom Schwarz,https://boxrec.com/en/box-pro/655566,655566,tom-schwarz,yes
Harley Mederos,https://boxrec.com/en/box-pro/861678,861678,,no
Andy Bowen,https://boxrec.com/en/box-pro/64402,64402,andy-bowen,yes
Shabaz Masoud,https://boxrec.com/en/box-pro/834795,834795,shabaz-masoud,yes
Ilunga Junior Makabu,https://boxrec.com/en/box-pro/457720,457720,ilunga-makabu,yes
Joeshon James,https://boxrec.com/ru/box-pro/861503,861503,,no
Cameron Vuong,https://boxrec.com/en/box-pro/1159896,1159896,,no
Andrzej Fonfara,https://boxrec.com/en/box-pro/358969,358969,andrzej-fonfara,yes
Billy Collins Jr,https://boxrec.com/en/box-pro/23266,23266,billy-collins-jr,yes
Archie Moore,https://boxrec.com/en/box-pro/8995,8995,archie-moore,yes
Edwing Davila,https://boxrec.com/en/box-pro/712462,712462,,no
Dayan Gonzalez,https://boxrec.com/de/box-pro/1055198,1055198,,no
Adrian Curiel,https://boxrec.com/en/box-pro/763657,763657,,no
Tyron Woodley,https://boxrec.com/en/box-pro/1019943,1019943,tyron-woodley,yes
Andrew Jackson,https://boxrec.com/en/box-pro/113039,113039,,no
Ron Lyle,https://boxrec.com/en/box-pro/226,226,ron-lyle,yes
Adam Lopez,https://boxrec.com/en/box-pro/756191,756191,adam-lopez,yes
Javon Walton,https://boxrec.com/en/box-pro/1064770,1064770,,no
Esteuri Suero,https://boxrec.com/en/box-pro/874107,874107,,no
Christina Linardatou,https://boxrec.com/en/box-pro/694512,694512,,no
Carlos Galvan,https://boxrec.com/en/box-pro/584421,584421,,no
Daniel Lugo,https://boxrec.com/en/box-pro/724731,724731,daniel-lugo,yes
Tony Doyle,https://boxrec.com/en/box-pro/10883,10883,,no
Chloe Chaos,https://boxrec.com/en/box-pro/1114728,1114728,,no
Steven Grandy,https://boxrec.com/en/box-pro/1243072,1243072,,no
Erik Solis,https://boxrec.com/en/box-pro/585075,585075,,no
Conah Walker,https://boxrec.com/en/box-pro/846273,846273,,no
Carlos Canizales,https://boxrec.com/en/box-pro/692641,692641,carlos-canizales,yes
Albert Batyrgaziev,https://boxrec.com/en/box-pro/856316,856316,,no
George Chuvalo,https://boxrec.com/en/box-pro/119,119,george-chuvalo,yes
Eliot Chavez,https://boxrec.com/en/box-pro/727695,727695,,no
Martin Murray,https://boxrec.com/en/box-pro/424318,424318,martin-murray,yes
Marquis Taylor,https://boxrec.com/en/box-pro/665083,665083,,no
Dennis McCann,https://boxrec.com/en/box-pro/875702,875702,dennis-mccann,yes
Carlos Monzon,https://boxrec.com/en/box-pro/9036,9036,carlos-monzon,yes
Young Fury,https://boxrec.com/en/box-pro/691028,691028,,no
Corrie Sanders,https://boxrec.com/en/box-pro/1728,1728,corrie-sanders,yes
Paul Williams,https://boxrec.com/en/box-pro/20755,20755,paul-williams,yes
Carlos Gongora,https://boxrec.com/en/box-pro/719359,719359,carlos-gongora,yes
Wilfredo Hurtado,https://boxrec.com/en/box-pro/340222,340222,,no
Paul Spadafora,https://boxrec.com/en/box-pro/6517,6517,paul-spadafora,yes
Raymundo Beltran,https://boxrec.com/en/box-pro/19566,19566,ray-beltran,yes
Lucas Martin Matthysse,https://boxrec.com/en/box-pro/256942,256942,lucas-matthysse,yes
Elhem Mekhaled,https://boxrec.com/en/box-pro/779611,779611,elhem-mekhaled,yes
Jimmy Wilde,https://boxrec.com/en/box-pro/9023,9023,jimmy-wilde_0,yes
Michael Nunn,https://boxrec.com/en/box-pro/462,462,michael-nunn,yes
Ewart Potgieter,https://boxrec.com/en/box-pro/37159,37159,ewart-potgieter,yes
Bo Mi Re Shin,https://boxrec.com/en/box-pro/748931,748931,,no
Uriah Hall,https://boxrec.com/en/box-pro/942122,942122,uriah-hall,yes
Young Jack Johnson,https://boxrec.com/en/box-pro/16613,16613,,no
Julian Smith,https://boxrec.com/fr/box-pro/843706,843706,,no
Virgil Hill,https://boxrec.com/en/box-pro/479,479,virgil-hill,yes
Jordan White,https://boxrec.com/en/box-pro/740167,740167,jordan-white,yes
Tyson Pedro,https://boxrec.com/en/box-pro/940878,940878,,no
Ryota Murata,https://boxrec.com/en/box-pro/657422,657422,ryota-murata,yes
Delfine Persoon,https://boxrec.com/en/box-pro/496312,496312,delfine-persoon,yes
Frans Botha,https://boxrec.com/en/box-pro/3307,3307,frans-botha,yes
Laila Ali,https://boxrec.com/en/box-pro/14260,14260,laila-ali,yes
Greg Hardy,https://boxrec.com/en/box-pro/975775,975775,greg-hardy,yes
Mike Ohan Jr,https://boxrec.com/en/box-pro/793763,793763,,no
Jadier Herrera,https://boxrec.com/en/box-pro/1013382,1013382,,no
Billy Dib,https://boxrec.com/en/box-pro/265500,265500,billy-dib,yes
Donny Lalonde,https://boxrec.com/en/box-pro/539,539,donny-lalonde,yes
Angel Acosta,https://boxrec.com/en/box-pro/634552,634552,,no
Billy Bird,https://boxrec.com/en/box-pro/17871,17871,billy-bird,yes
Mirco Cuello,https://boxrec.com/en/box-pro/867457,867457,mirco-cuello,yes
Carl Frampton,https://boxrec.com/en/box-pro/499601,499601,carl-frampton,yes
Dick Eklund,https://boxrec.com/en/box-pro/344,344,dick-eklund,yes
Leonardo Aguilar,https://boxrec.com/en/box-pro/6929,6929,leonardo-aguilar,yes
Jose Luis Ramirez,https://boxrec.com/en/box-pro/008152,008152,,no
George Foreman,https://boxrec.com/en/box-pro/498261,498261,,no
Henri Manga,https://boxrec.com/fr/box-pro/1017993,1017993,henri-manga,yes
Junior Jones,https://boxrec.com/en/box-pro/1816,1816,junior-jones_0,yes
Carlos Hernandez,https://boxrec.com/en/box-pro/25988,25988,,no
Juan Laporte,https://boxrec.com/en/box-pro/2570,2570,juan-laporte,yes
Willie Shannon,https://boxrec.com/en/box-pro/22785,22785,willie-shannon,yes
Tony Tubbs,https://boxrec.com/en/box-pro/834,834,tony-tubbs,yes
Otabek Kholmatov,https://boxrec.com/en/box-pro/863079,863079,,no
Azriel Paez,https://boxrec.com/en/box-pro/538155,538155,azriel-paez,yes
Junior Younan,https://boxrec.com/en/box-pro/665199,665199,junior-younan,yes
James Metcalf,https://boxrec.com/en/box-pro/589417,589417,james-metcalf,yes
Alex Holley,https://boxrec.com/en/box-pro/1007749,1007749,,no
Fabian Andres Maidana,https://boxrec.com/en/box-pro/690880,690880,,no
Jorge Masvidal,https://boxrec.com/en/box-pro/321506,321506,jorge-masvidal,yes
Joe Bugner,https://boxrec.com/en/box-pro/924,924,joe-bugner,yes
Lee McGregor,https://boxrec.com/en/box-pro/816783,816783,lee-mcgregor,yes
Jeremy Hill,https://boxrec.com/de/box-pro/834886,834886,,no
Alex Pereira,https://boxrec.com/en/box-pro/803499,803499,alex-pereira,yes
Mauricio Herrera,https://boxrec.com/en/box-pro/422176,422176,mauricio-herrera_0,yes
Duke Micah,https://boxrec.com/en/box-pro/631511,631511,duke-micah,yes
Peter McGrail,https://boxrec.com/en/box-pro/851618,851618,peter-mcgrail,yes
Miguel Marriaga,https://boxrec.com/en/box-pro/501289,501289,miguel-marriaga,yes
Tramaine Williams,https://boxrec.com/en/box-pro/604764,604764,tramaine-williams,yes
Francis Hogan,https://boxrec.com/en/box-pro/864909,864909,,no
Denzel Bentley,https://boxrec.com/en/box-pro/814452,814452,denzel-bentley,yes
Max Baer,https://boxrec.com/en/box-pro/12077,12077,max-baer,yes
Bruce Seldon,https://boxrec.com/en/box-pro/1400,1400,bruce-seldon,yes
Amarildo Bakaj,https://boxrec.com/en/box-pro/871169,871169,,no
Mykal Fox,https://boxrec.com/en/box-pro/680112,680112,mykal-fox,yes
Quinton Randall,https://boxrec.com/en/box-pro/854900,854900,quinton-randall,yes
Carlos Nieves,https://boxrec.com/en/box-pro/638177,638177,carlos-nieves,yes
Alexandro Santiago,https://boxrec.com/en/box-pro/637333,637333,alexandro-santiago,yes
Arsen Goulamirian,https://boxrec.com/en/box-pro/572144,572144,arsen-goulamirian,yes
Johan Gonzalez,https://boxrec.com/en/box-pro/802990,802990,,no
Rolando Ramirez,https://boxrec.com/en/box-pro/263272,263272,rolando-ramirez,yes
Hector Merced,https://boxrec.com/en/box-pro/2906,2906,,no
John Alderson,https://boxrec.com/en/box-pro/2981,2981,john-alderson,yes
Josesito Lopez,https://boxrec.com/en/box-pro/172447,172447,josesito-lopez,yes
Axel Schulz,https://boxrec.com/en/box-pro/3587,3587,axel-schulz,yes
Tai Tuivasa,https://boxrec.com/en/box-pro/673155,673155,tai-tuivasa,yes
Arnold Khegai,https://boxrec.com/en/proboxer/734409,734409,,no
Lewis Ritson,https://boxrec.com/en/box-pro/711679,711679,lewis-ritson,yes
Jose Uzcategui,https://boxrec.com/en/box-pro/571528,571528,jose-uzcategui,yes
Scot England,https://boxrec.com/en/box-pro/1169481,1169481,,no
Hector Camacho Jr,https://boxrec.com/en/box-pro/19105,19105,hector-camacho-jr,yes
Andres Cortes,https://boxrec.com/en/box-pro/746707,746707,,no
Joshua Torres,https://boxrec.com/en/box-pro/1090381,1090381,,no
Natasha Jonas,https://boxrec.com/en/box-pro/803069,803069,natasha-jonas,yes
Michael Seals,https://boxrec.com/en/box-pro/477129,477129,michael-seals,yes
Arlen Lopez,https://boxrec.com/en/box-pro/850280,850280,,no
Rosendo Alvarez,https://boxrec.com/en/box-pro/4873,4873,,no
Lewis Crocker,https://boxrec.com/en/box-pro/786778,786778,lewis-crocker,yes
Matthew Saad Muhammad,https://boxrec.com/en/box-pro/8618,8618,,no
Cletus Seldin,https://boxrec.com/en/box-pro/576340,576340,cletus-seldin,yes
Joseph Jackson,https://boxrec.com/en/box-pro/741288,741288,,no
Seiya Tsutsumi,https://boxrec.com/ru/box-pro/829718,829718,,no
Everett Martin,https://boxrec.com/en/box-pro/1788,1788,,no
Nieky Holzken,https://boxrec.com/en/box-pro/640938,640938,nieky-holzken,yes
Jennifer Han,https://boxrec.com/en/box-pro/506472,506472,jennifer-han,yes
Chris Avila,https://boxrec.com/en/box-pro/695479,695479,,no
Albert Bell,https://boxrec.com/en/box-pro/656951,656951,albert-bell,yes
Frankie Randall,https://boxrec.com/en/box-pro/490,490,frankie-randall,yes
Julio Cesar La Cruz,https://boxrec.com/en/box-pro/850298,850298,,no
Rigoberto Alvarez,https://boxrec.com/en/box-pro/122441,122441,rigoberto-alvarez,yes
Carlos Cuadras,https://boxrec.com/en/box-pro/453289,453289,carlos-cuadras,yes
Jamie McDonnell,https://boxrec.com/en/box-pro/331048,331048,jamie-mcdonnell,yes
Billy Hamm,https://boxrec.com/en/box-pro/511528,511528,,no
Howard Davis Jr,https://boxrec.com/en/box-pro/554,554,howard-davis-jr,yes
Yuri Foreman,https://boxrec.com/en/box-pro/87307,87307,yuri-foreman,yes
Cesar Juarez,https://boxrec.com/en/box-pro/537244,537244,cesar-juarez,yes
Arslanbek Makhmudov,https://boxrec.com/de/box-pro/817769,817769,arslanbek-makhmudov,yes
Billy Rodriguez,https://boxrec.com/en/box-pro/879644,879644,,no
Kevin Walsh,https://boxrec.com/en/box-pro/906644,906644,,no
Ryan Garner,https://boxrec.com/en/box-pro/759311,759311,ryan-garner,yes
Marcelo Coceres,https://boxrec.com/en/box-pro/598062,598062,marcelo-esteban-coceres,yes
Jeff Mayweather,https://boxrec.com/en/box-pro/1188,1188,jeff-mayweather,yes
Manuel Flores,https://boxrec.com/en/box-pro/805938,805938,,no
Murat Gassiev,https://boxrec.com/en/box-pro/583767,583767,murat-gassiev,yes
Keenan Carbajal,https://boxrec.com/en/box-pro/649657,649657,,no
Tim Anderson,https://boxrec.com/en/box-pro/1036,1036,,no
Ryan Walsh,https://boxrec.com/en/box-pro/437194,437194,ryan-walsh,yes
Ray Robinson,https://boxrec.com/en/box-pro/379244,379244,ray-robinson_0,yes
Quadir Albright,https://boxrec.com/en/box-pro/863517,863517,,no
Jaime Osuna,https://boxrec.com/en/box-pro/1132352,1132352,jaime-osuna_0,yes
